A Heartbreaking Ending  John Coffeys Execution  The Green Mile  SceneScreen.mp4,The Green Mile - John Coffeys Execution Scene,https://www.youtube.com/watch?v=CmxArNBJHFQ
Avatar (2009) Eywa Tree Scene.mp4,Avatar - Eywa Tree Scene,https://www.youtube.com/watch?v=k6-_4dYk2ew
AVATAR- Humans vs Na vi people war scene- HD.mp4,Avatar - Humans vs. Na Vi  Scene,https://www.youtube.com/watch?v=WgCNVdYzIcw
Avengers Assemble - Portals Scene  Avengers Endgame (2019) Movie Clip 4K.mp4,Avangers Endgame - Portals Scene,https://www.youtube.com/watch?v=fP2w_UAK6B4
COSTA RICA IN 4K 60fps HDR (ULTRA HD).mp4,Costa Rica Test Video,https://www.youtube.com/watch?v=LXb3EKWsInQ
Die welle.mp4,Die Welle - Nobody leaves Scene,https://www.youtube.com/watch?v=K0Ibc2e_k8o
Favorite Pixars Up scene ever - Ellie and Carls relationship through time, Sad scene.mp4,Pixars Up - Intro Scene,https://www.youtube.com/watch?v=F2bk_9T482g
Finding Dory - Opening Scene.mp4,Finding Dory - Opening Scene,https://www.youtube.com/watch?v=waiq-D_0Sak
Finding Nemo - Darla Scene.mp4,Finding Nemo - Darla Scene,https://www.youtube.com/watch?v=fBd40bbB4nE
Finding Nemo Shark Scene [60fps,IMAX] Dory and Marlin meeting Shark  Scene.mp4,Finding Nemo - Shark Scene,https://www.youtube.com/watch?v=2kX_UpQ-Nz4
Frozen Ending Scene (77) Anna Turned into Ice  (2013) Movie Clip[HD].mp4,Frozen - Ending Scene,https://www.youtube.com/watch?v=8V2zsYhNopM
Frozen- Elsa Flees From Arendelle Clip (HD).mp4,Frozen - Elsa flees from Arendelle Scene,https://www.youtube.com/watch?v=AiX-WvMNDPc
Hair Love Short Film (Full)  Sony Pictures Animation.mp4,Hair Love - Short Film,https://www.youtube.com/watch?v=kNw8V_Fkw28
Harry Potter and the Philosophers Stone - christmas at Hogwarts (HD).mp4,Harry Potter and the Philosophers Stone - Christmas at Hogwarts Scene,https://www.youtube.com/watch?v=w8vxuZ3bjrA
Hoppers Letter  Full Scene From Stranger Things S3  SPOILERS.mp4,Strangere Things - Hoppers Letter Scene,https://www.youtube.com/watch?v=WQoNAjy1rQ4
How I Met Your Mother - Final scene - Last Forever 9x24.mp4,How I met your Mother - Final Scene,https://www.youtube.com/watch?v=xNcH_LO8aVI
Inside Out - Sadness helps Riley.mp4,Inside Out - Sadness helps Riley Scene,https://www.youtube.com/watch?v=ISaHt3ps1dM
Interstellar - MEGA Waves Scene.mp4,Interstellar - Mega Waves Scene,https://www.youtube.com/watch?v=-Gq5uxY_frk
Joker Kills Murray Scene - JOKER (2019) 4K Movie Clip.mp4,Joker - Joker kills Murray Scene,https://www.youtube.com/watch?v=axWt4HVT7iY
Marley and me ending.mp4,Marley and Me - Ending Scene,https://www.youtube.com/watch?v=fny51-o_gmM
Minions Starting Boss Finding.mp4,Minions - Starting Boss Finding Scene,https://www.youtube.com/watch?v=0NgKz3ZInzA
Mulan Avalanche Scene.mp4,Mulan - Avalanche Scene,https://www.youtube.com/watch?v=NZFBaGfQEj4
My Last Words Ending.mp4,Scrubs - My last Words Scene,https://www.youtube.com/watch?v=6aWSG9g0YdI
Our Planet  Coastal Seas  FULL EPISODE  Netflix.mp4,Our Planet - Coastal Seas,https://www.youtube.com/watch?v=r9PeYPHdpNo
pele movie scene the shoe less one.mp4,Pele - The Shoe less one Scene,https://www.youtube.com/watch?v=UsH6mMWpe80
Piper   Disney Pixar   Oscar winning Short Movie.mp4,Piper - Short Film,https://www.youtube.com/watch?v=vPuRBiBCxyk
Pixar Inside Out - A Family Dinner Scene.mp4,Inside Out - Family Dinner Scene,https://www.youtube.com/watch?v=Cjgdiy_SGjA
Ratatouille - Ratatouille.mp4,Ratatouille Scene,https://www.youtube.com/watch?v=bM1KCThsSj4
Simpsons - Bomb Shelter Scene.mp4,The Simpsons - Bomb Shelter Scene,https://www.youtube.com/watch?v=6LSIsy6YEXQ
Stairs dance scene  Escape from cops  Joker [4k, HDR].mp4,Joker - Stair dance Scene,https://www.youtube.com/watch?v=JeyVU4nMWCg
The Full Robin  Steve Bathroom Heart To Heart Scene  Stranger Things S3.mp4,Stranger Things - Robin and Steve Bathroom Scene,https://www.youtube.com/watch?v=HElHVsrCtlA
The Lion King 1994 - Remember Who You Are Full Scene 4k.mp4,The Lion King - Remember who you are Scene,https://www.youtube.com/watch?v=lQd22F5onyM
The Simpsons-Homer eats chilli.mp4,The Simpsons - Homer eats Chilli Scene,https://www.youtube.com/watch?v=_pBQ6eD3dyI
This is Not Meth - Fulminated Mercury - Breaking Bad Best Scene.mp4,Breaking Bad - This is not Meth Scene,https://www.youtube.com/watch?v=MGLRvpU93ZY
Titanic - Im Flying Scene.mp4,Titanic - Im flying Scene,https://www.youtube.com/watch?v=8MDPeL8lpzo
Titanic - Stern Sinks Scene.mp4,Titanic - Stern sinks Scene,https://www.youtube.com/watch?v=Fd53_7n-OlA
Toy story 2 fixing woody.mp4,Toy Story 2 - Fixing Woody Scene,https://www.youtube.com/watch?v=HnGsXk1NHBo
Two and a Half Men - Charlie Takes Jake to School [HD].mp4,Two and a Half Men - Charlie takes Jake to School Scene,https://www.youtube.com/watch?v=bRkCukxgl0w
2018 The Little Duck - Disneyland Paris commercial.mp4,The Little Duck - Disneyland Paris commercial,https://www.youtube.com/watch?v=S6VVOmT0Vk8
[HD] Pixar - For The Birds  Original Movie from Pixar.mp4,For the Birds - Short Film,https://www.youtube.com/watch?v=nYTrIcn4rjg
