2.mp3,Tonight  A Lonely Century,The New Mystikal Troubadours
3.mp3,DD Groove,Kevin MacLeod
4.mp3,Slow Burn,Kevin MacLeod
5.mp3,Nothing Much,My Bubba & Mi
7.mp3,Hustle,Kevin MacLeod
8.mp3,Dirt Rhodes,Kevin MacLeod
10.mp3,Stormy Blues,Arne Bang Huseby
12.mp3,Rebel Blues,Sul Rebel
13.mp3,Oh Kiss No,My Bubba & Mi
17.mp3,Fjcb Reddit Gtr Fills Mix,Phoephus
18.mp3,Beat The Devil's Tattoo (Live @ KEXP),Black Rebel Motorcycle Club
19.mp3,Vultures,WHO'S PANDA
20.mp3,Blues Shuffle in A One Take Improv Exercise,Stevie's Amp Shack
21.mp3,My War Blues,Cian Nugent
22.mp3,The Holy Feele,The New Mystikal Troubadours
24.mp3,Workin Boy Blues,Bombay Laughing Club
25.mp3,RL Got Soul,The Jon Spencer Blues Explosion
31.mp3,All is Right,Short Hand
32.mp3,Princely & Comely,The Agrarians
35.mp3,Apoli,Olima Anditi
37.mp3,Afro,The Jon Spencer Blues Explosion
39.mp3,Ramblin' Rose,Barrence Whitfield and The Savages
40.mp3,You And Me Baby (Holding On) (Live @ KEXP),Chuck Prophet
41.mp3,Like Nothing Else,The New Mystikal Troubadours
42.mp3,A Cinematic Influence,The New Mystikal Troubadours
43.mp3,PuritansToo ,The Agrarians
44.mp3,Walkabout,Digital Primitives
45.mp3,Untitled 05,Mountain Cult
46.mp3,Shes Too Fat,Little Howlin' Wolf
47.mp3,Boulevard St Germain,Jahzzar
48.mp3,Our Sacred Cues,The New Mystikal Troubadours
49.mp3,Our Nights on the Turnpike,The Agrarians
50.mp3,Railroad's Whiskey Co,Jahzzar
51.mp3,Fathers Tell Yr Sons ,The Agrarians
52.mp3,Recognize An Hour Divine,The Agrarians
53.mp3,Owed to Old Poets  Our Role in the Play,The New Mystikal Troubadours
54.mp3,Broken,Fit and the Conniptions
55.mp3,Baby Please Don't Go ,Big Bill Broonzy
56.mp3,Fafa,Vieux Farka Touré
58.mp3,Nothing's Any Fun Any More,Fit and the Conniptions
59.mp3,The Truth Is What We Make of It,The Agrarians
60.mp3,Heat Index,Michael Chapman & The Woodpiles
62.mp3,Baby's Got Morphine Eyes,Zombie Prom Queen
64.mp3,Jungle Love Revisited,The New Mystikal Troubadours
65.mp3,Bellbottoms,The Jon Spencer Blues Explosion
67.mp3,Gadzooks,The Jon Spencer Blues Explosion
68.mp3,Sixes & Sevens (Excerpt),Cian Nugent
69.mp3,Keep Your Lamp Trimmed And Burning [traditional],Billy Childish
70.mp3,Deportee,Michael Chapman & The Woodpiles
71.mp3,The Daily Dose Age,The Agrarians
72.mp3,Bona Fide,Crete Boom
73.mp3,Lalalala,Solo Dja Kabako
74.mp3,Interview,Mount Carmel
76.mp3,Untitled 07,Mountain Cult
77.mp3,Yr Blues Tripping,The Rope River Blues Band
78.mp3,How to go to sleep,Mr. & Mrs. Smith
79.mp3,No Holiday,Digital Primitives
80.mp3,Roulette,Lorenzo's Music
81.mp3,The Newest Fashions,The Agrarians
82.mp3,Goin On,Mr. & Mrs. Smith
83.mp3,If You Love Me Like You Say,Paul  Wine  Jones
84.mp3,Swallow Me Up,Mount Carmel
85.mp3,Out Of Our Heads,Lantern
86.mp3,Eat at Joe's,Eat at Joe's
87.mp3,Untitled 04,Mountain Cult
88.mp3,We All Fall Down,Lorenzo's Music
89.mp3,Common Experiences Man ,The New Mystikal Troubadours
90.mp3,Wood For The Trees,Fit and the Conniptions
91.mp3,One,Sim Cain
92.mp3,Further,The Rope River Blues Band
93.mp3,Waitin' (Live @ KEXP),Betsy Olson
95.mp3,Old Strange,Steve Gunn
96.mp3,Aces and Twos (Live @ KEXP),The Devil Makes Three
98.mp3,The Index of Memory,The Agrarians
99.mp3,Chamber Blues' Tidal Band Presents,The New Mystikal Troubadours
101.mp3,Least the Ocean is Wet,Mr. & Mrs. Smith
102.mp3,Electricity,Marisa Anderson
103.mp3,Untitled 01,Mountain Cult
104.mp3,Ben Jonson's Blues,The Rope River Blues Band
105.mp3,Girl Might Do,mojo monkeys
106.mp3,Wander In A Dream,Fit and the Conniptions
107.mp3,We Three Kings,Tarred Brigade
108.mp3,Giving Away The Bride (Live @ KEXP),Califone
109.mp3,You're the Wave  Wander!,The Agrarians
110.mp3,(Come On and Feele) The Faith in Me,The Agrarians
111.mp3,Drop Down Low,Jawbone
112.mp3,Big Mamou,Barrence Whitfield and The Savages
113.mp3,(Shuffling Towards) Art's Holy Shrine,The New Mystikal Troubadours
114.mp3,Inne (Live @ KEXP),Vieux Farka Touré
115.mp3,Bip Bop Bip,Barrence Whitfield and The Savages
116.mp3,Mistress Song,Fit and the Conniptions
117.mp3,Queen of Loneliness,Delta Dreambox
118.mp3,America,Cooper-Moore & Assif Tsahar
119.mp3,Ethio Song,Amen Dunes
120.mp3,Mr Franklin,Steve Gunn
121.mp3,The not so flashy Exit,Mr. & Mrs. Smith
122.mp3,The Attack of Ev'ry Time,The Agrarians
123.mp3,Awei Womei (Live @ KEXP),Vieux Farka Touré
124.mp3,The Banks of Eternity,The Agrarians
125.mp3,Songtress' Sweet Song,The Agrarians
126.mp3,Le petit jardin (with Les Gauchers Orchestra),Lee Maddeford
127.mp3,Sunset,Evgeny Grinko
128.mp3,Veloma,Fabrizio Paterlini
129.mp3,Sneeuwland,Oskar Schuster
130.mp3,Strides,Jared C. Balogh
131.mp3,Wonderland (Instrumental),Dexter Britain
133.mp3,Aleph,Ophir Ilzetzki
134.mp3,Summers Coming,Dexter Britain
135.mp3,O Solitude (H,Jody Pou
136.mp3,Fourth,Mystic Morrison Visions
137.mp3,I,Aaron Dunn-Sonatina No. 1 in C Major 
138.mp3,Encounters With Abusive Men,Silver Process
140.mp3,Shaking Off The Rust,Jared C. Balogh
142.mp3,Carosello,Circus Marcus-Aux puces nº2 
143.mp3,Aux puces nº5,Circus Marcus
144.mp3,The Passing of Time,krackatoa
145.mp3,The Forest and the Trees,Kevin MacLeod
146.mp3,Nine,Marcel Pequel
148.mp3,Bending Light Infinity version,krackatoa
149.mp3,Gagool,Kevin MacLeod
150.mp3,Bow to Your Neighbor (Excerpt),Steven Arntson
151.mp3,Pacifico,James Beaudreau
152.mp3,The Tea Party,Dexter Britain
153.mp3,Blizzard,Evgeny Grinko
154.mp3,Ouverture,Lee Maddeford
155.mp3,Cyprus,Jared C. Balogh
156.mp3,Wheel of fortune (with Les Gauchers Orchestra),Lee Maddeford
157.mp3,Opening Doors,Jamie Evans
158.mp3,5 00 AM,Peter Rudenko
159.mp3,Awaken From A Nightmare,Silver Process
160.mp3,Suite for Violin 9 Hora vivace,Advent Chamber Orchestra-Bughici 
161.mp3,O Fortuna,MIT Concert Choir
162.mp3,Le bal de Rémy,Circus Marcus
163.mp3,Caught In A Realm,Jared C. Balogh
164.mp3,Row Night,Silver Process-Skid
166.mp3,Stop It (Instrumental),Dexter Britain
167.mp3,Les chaises Louis XVI,Circus Marcus-Aux puces nº1 
168.mp3,Funeral March for Brass,Kevin MacLeod
169.mp3,Black Coffee,Jody Pou
170.mp3,La Flor de Olmedo,Circus Marcus-Aux puces nº6 
171.mp3,That Kid in Fourth Grade Who Really Liked the Denver Broncos,Chris Zabriskie
172.mp3,The Temperature of the Air on the Bow of the Kaleetan,Chris Zabriskie
173.mp3,Ease,Andrew Bisset-Cultural Dis
174.mp3,War And Peace,Jamie Evans
175.mp3,Don't You Want to Go to Heaven Uncle Sam  ,Steven Arntson
176.mp3,Six,Marcel Pequel
177.mp3,O Come O Come Emmanuel,IKOS David Clifton with the choirs of Peterborough Cathedral
178.mp3,Uno Is Walking,K-Conjog
179.mp3,The Time To Run,Dexter Britain
180.mp3,Bridging and Mending,Jared C. Balogh
181.mp3,A Muddy Heart,Steven Arntson
182.mp3,Dedicated to Elizabeth Cotten (with Matt Bauder),Jessica Pavone
184.mp3,imagined version),Fabrizio Paterlini-Forever blue (March Rosetta re
185.mp3,Ghost Dance,Kevin MacLeod
186.mp3,Nights Tale,Dexter Britain
187.mp3,Other Child Room,Evgeny Grinko
188.mp3,Tom's Lullaby (with Les Gauchers Orchestra),Lee Maddeford
189.mp3,Wild Rover with Bellevue Chamber Chorus,Sláinte
190.mp3,Virtutes Instrumenti,Kevin MacLeod
191.mp3,Variatio 14 a 2 Clav,Kimiko Ishizaka
192.mp3,Lucky,Steven Arntson
193.mp3,Hands,Matthew Mehlan
194.mp3,Reminiscence,Jamie Evans
195.mp3,Golden Alley Reprise,Rebecca Foon
196.mp3,Borodin Butterfly,Lanark
197.mp3,Eight,Marcel Pequel
198.mp3,Red Danube,Lee Rosevere
199.mp3,Spring Mvt 1 Allegro,John Harrison with the Wichita State University Chamber Players
201.mp3,Les crocodiles mangent aussi les bonshommes Wizzards,Circus Marcus
202.mp3,God Rest Ye Merry Gentlemen,Chance's end
203.mp3,WATCHING IT SNOW WHILE THINKING OF YOU,Jared C. Balogh
204.mp3,Sinfonia di Violoncello e AM RadioFinitura,Joe Merolla
205.mp3,Prelude No,Chris Zabriskie
206.mp3,Unisons,Ophir Ilzetzki
207.mp3,Notebook Reading,Dexter Britain
208.mp3,Leave Well Enough Alone (Instrumental),Dexter Britain
209.mp3,Amazing Grace 2011,Kevin MacLeod
210.mp3,Suite for Violin 8 Ardeleneascamoderato ,Advent Chamber Orchestra-Bughici 
211.mp3,After Christmas,Dexter Britain
212.mp3,My Song For January,Dexter Britain
213.mp3,Graveyard Illusions,Silver Process
214.mp3,Blue sox,Arnaud Roy
215.mp3,In A Party Watching A Party,Silver Process
216.mp3,On Things Invisible to the Eye (Act II),Lloyd Rodgers
217.mp3,Haunted,Jamie Evans
218.mp3,the piano of the old seaman,Evgeny Grinko
219.mp3,The Book of Floating,The New Heaven and The New Earth
220.mp3,Jazz Band With Jazz Hands,Silver Process
221.mp3,First,The New York Underground Orchestra (Conducted By Assif Tsahar)
222.mp3,ha'zman,Ophir Ilzetzki
223.mp3,One,Marcel Pequel
224.mp3,jingles interludes et dimanche minuit,LE CHEVALIER DE RINCHY
225.mp3,The Anticipation Of Spring,Jared C. Balogh
226.mp3,A TOUGH DECISION,Jared C. Balogh
227.mp3,SELF REFLECT,Jared C. Balogh
228.mp3,Woody Allen,Evgeny Grinko
229.mp3,Slow Motion Strut Version Two,Dexter Britain
231.mp3,Train,Dexter Britain
232.mp3,Serenade for Strings Op22 in E Major larghetto,Advent Chamber Orchestra-Dvorak 
233.mp3,HURRY UP AND RAIN,Jared C. Balogh
234.mp3,Dedicated to Leroy Jenkins,Jessica Pavone
235.mp3,Flight of the Moth,Steven Arntson
236.mp3,Transmutation Of Metals,Chuck Bettis & Joe Merolla
237.mp3,Birth,Steven Arntson
238.mp3,BWV 846,Kevin MacLeod-J. S. Bach  Prelude in C 
239.mp3,Seven,Marcel Pequel
240.mp3,Gammelvals,Puh
241.mp3,After The Week I've Had,Dexter Britain
242.mp3,Silent Night,IKOS David Clifton with the choirs of Peterborough Cathedral
243.mp3,Ave formosissima — O Fortuna (reprise),MIT Concert Choir
244.mp3,Valediction,Steven Arntson
245.mp3,Entrance to the Queen of Sheba for Two Oboes Strings and Continuo allegro ,Advent Chamber Orchestra-Handel 
246.mp3,Traumatic Childhood,Silver Process
247.mp3,Micro Composition 10,Jared C. Balogh
248.mp3,Chasing Time,Dexter Britain
250.mp3,Winter Mvt 3 Allegro,John Harrison with the Wichita State University Chamber Players
253.mp3,Dance!,The Rope River Blues Band
254.mp3,Original Rags (1900 piano roll) ,Scott Joplin
257.mp3,Wine Wine Wine,Stompin' Riff Raffs
258.mp3,ChainSmoke Days,Mr. & Mrs. Smith
260.mp3,Detroit,The Moaners
262.mp3,The Entertainer (1902 piano roll) ,Scott Joplin
264.mp3,House Rent Jump,Peter Case
265.mp3,Emmet's Cuckoo Song,George P. Watson
266.mp3,SOLO ACOUSTIC GUITAR,Jason Shaw
269.mp3,Swan Song,Paper Navy
270.mp3,I Do Like To Be Beside The Seaside (1907 piano roll) ,John H. Glover-Kind
272.mp3,JENNY'S THEME,Jason Shaw
273.mp3,Western Country,Shake That Little Foot
274.mp3,Mochi,LE CLUB DES CHATS
275.mp3,Rednecks with White Faces,Caühaüs
276.mp3,Blackberry Hedge,Secret Jane
278.mp3,ACOUSTIC BLUES,Jason Shaw
279.mp3,Party,Krestovsky
280.mp3,Upper Room,Flying Cloud
281.mp3,The Smiler (1907Zonophone Concert Band) ,Percy Wenrich
282.mp3,Have You Seen It ,Dr. Frankenstein
284.mp3,Last Dance,Jahzzar
285.mp3,Death Valley Waltz,Lucas Gonze
286.mp3,Z. Brewster,Scott Joplin-Maple Leaf Rag (1899 Geisz version) 
288.mp3,WORDS,Jason Shaw
289.mp3,Pine Apple Rag (1908 piano roll) ,Scott Joplin
290.mp3,The City,Abe Sada
292.mp3,Horror Show,Stompin' Riff Raffs
293.mp3,Ayahuasca,Party People in a Can
294.mp3,Chinese Blues (1916 George Gershwin piano roll) ,Moore and Gardner
296.mp3,Candy,Caravan of Thieves
297.mp3,My Friend,Wooden Ambulance
298.mp3,Obvious,Moore & Sons
299.mp3,RUNNING WATERS,Jason Shaw
300.mp3,What I Found,The Brought Low
301.mp3,Never Turnin' Back (Live @ KEXP),Shane Tutmarc
302.mp3,Danger Behind The Wheel (Live @ KEXP),Rose's Pawn Shop
303.mp3,American English,The Canoes
304.mp3,Rose Room,Jeremy Cohen & Matt Munisteri
305.mp3,Riding Down To Mexico,Rex Allen
306.mp3,Frog Legs Rag (1906 piano roll),James Scott
307.mp3,Turkey in the Straw,Shake That Little Foot
308.mp3,WHEELS,Jason Shaw
309.mp3,Theme for  The Mad Thinker ,Dr. Frankenstein
310.mp3,Neighborhood Funeral Dress,Mr. & Mrs. Smith
311.mp3,Ghostwriter,Caravan of Thieves
312.mp3,Wild Guide,Austin Leonard Jones
313.mp3,TRAVEL LIGHT,Jason Shaw
314.mp3,Ox Driving Song,Austin Leonard Jones
315.mp3,Scotland the Brave,Shake That Little Foot
316.mp3,The River,Kenny Tudrick
317.mp3,Rose Water,Waylon Thornton
318.mp3,Emergency Exit,Dr. Frankenstein
319.mp3,Frog In The Well,Lucas Gonze
320.mp3,99 Chicks,Stompin' Riff Raffs
321.mp3,Necrófago,Dr. Frankenstein
322.mp3,I Wanna Say Hello,Pee Wee King
323.mp3,Pilgim Song (Live @ KEXP),The Water Tower Bucket Boys
324.mp3,SERENITY,Jason Shaw
325.mp3,Birmingham Jail,Chatham County Line
326.mp3,THINGAMAJIG,Jason Shaw
327.mp3,Ricky Dee,Bandana Splits
328.mp3,Imna 'Merican,U Can Unlearn Guitar
329.mp3,Cars and Parties,Edith Frost
330.mp3,Loco Two,Vonn Krapp Family
332.mp3,FUNKY JUNKY,Jason Shaw
333.mp3,Live at the Winston,Thee Irma & Louise
334.mp3,Childhood Days,Universal Jubilaires
335.mp3,Help You (Live @ KEXP),Trampled By Turtles
336.mp3,Rock n Roll McDonald's,The Shut-Ins
338.mp3,Southern Gothic,Bureaucratica
339.mp3,ROCKY TOP,Jason Shaw
340.mp3,30 Days in the Workhouse,Peter Case
341.mp3,Columbine,Audra Kubat
342.mp3,ACOUSTIC MEDITATION,Jason Shaw
343.mp3,Clear Blue Sky,Chatham County Line
344.mp3,ONE FINE DAY,Jason Shaw
345.mp3,You Shake Me,Stompin' Riff Raffs
346.mp3,TENNESEE HAYRIDE,Jason Shaw
347.mp3,Goodbye Old Paint,Johnny Bond
348.mp3,I Wish I Was A Headlight,Austin Leonard Jones
349.mp3,There Were Some Famous Artists,Jim Long
350.mp3,BACK TO THE WOODS,Jason Shaw
352.mp3,Talk About Suffering,Lucas Gonze
353.mp3,Birmingham Jail,Johnny Bond
354.mp3,If Not For Your Sweet Heart ,Eric Villa
355.mp3,Check Girl,Al Duvall-Stuck On A Hat
356.mp3,SNAPPY,Jason Shaw
357.mp3,Red Clay Road,D. Charles Speer & the Helix
358.mp3,Love Song To Little Trees,Bill Crosson
359.mp3,Bed,Jahzzar
360.mp3,NICE AND EASY,Jason Shaw
361.mp3,AUTUMN SUNSET,Jason Shaw
362.mp3,RIVER MEDITATION,Jason Shaw
364.mp3,MOUNTAIN SUN,Jason Shaw
365.mp3,Waterbound,Shake That Little Foot
366.mp3,Dirty Fingernails,Golden Boys
367.mp3,After Today,Tift Merritt
368.mp3,Better Do It Now,Spade Cooley &  the Western Swing Dance Gang Feat. Tex Williams
369.mp3,Mr,Mr. & Mrs. Smith
370.mp3,Little Wooden Church,The Trumpeteers
371.mp3,Will,Stapleton Brothers-Call of the Whip-Poor
372.mp3,Runaway Puppy,QQQ
374.mp3,Gambler's Blues,The Crevulators
375.mp3,Bit a Bullet,Mr. & Mrs. Smith
376.mp3,Night Owl,Broke For Free
378.mp3,Deep Sky Blue,Graphiqs Groove
379.mp3,Chantiers Navals 412,LJ Kruzer
380.mp3,Five Minutes at the Rainforest Cafe,Macaw
381.mp3,DnB Mix (Germany),Hot Fire-Them Never Love No Bans 
383.mp3,Neuroleptic trio instrumental 5,Neuroleptic Trio
384.mp3,Whirlwind Dance,Ghost Hunter
386.mp3,As Colorful As Ever,Broke For Free
387.mp3,Memories Of Thailand (Beat Doctor's 'stuck in Britain' remix),Risey
390.mp3,Midori,Beat Culture
391.mp3,Another Position (original mix),Morphamish
392.mp3,Ode To A Baby Snowstorm,Ghostly Dust Machine
393.mp3,Lysine,Max Tundra
395.mp3,Spectrum (Subdiffusion Mix),Foniqz
397.mp3,Mercy,Lucky Dragons
399.mp3,Waking Up (Instrumental),Dexter Britain
400.mp3,Run The Tape,Asthmatic Astronaut
401.mp3,Something Elated,Broke For Free
402.mp3,Quittin' Time,Patrick Lee
403.mp3,Flying pea v,Daddy_Scrabble
404.mp3,Calm The Fuck Down,Broke For Free
405.mp3,Presenterator,Kevin MacLeod
406.mp3,My God Those Legs,Smersh
407.mp3,april deegee rmx,Digi G'Alessio-ekiti son feat valeska 
408.mp3,snow world under the white moon,EeL
410.mp3,Twinkling,Zero V
415.mp3,Dubsteady,Phoniandflore
416.mp3,Please Mind the Dubstep,Bitbasic
419.mp3,over and under,Antiphon
420.mp3,90,Casetofoane
422.mp3,Moonlight and Roses,Lee Rosevere
423.mp3,My Pretty Looking Clothes,Glass Boy
425.mp3,Stars,Decktonic
426.mp3,Whispering Through,Asura
427.mp3,Enthusiast,Tours
428.mp3,How Exciting,Revolution Void
429.mp3,Divider,Chris Zabriskie
430.mp3,Black Gloves,Vitus Von Degen
431.mp3,Dub steps,Dub Terminator
432.mp3,Barbarian,Pierlo
435.mp3,Warm Up Suit,Broke For Free
436.mp3,raw instrumental pt,Digi G'Alessio
437.mp3,Night Beach,Psychadelik Pedestrian
440.mp3,Oh Wee,Immortal Beats
441.mp3,Singing Forest,M.W.D.
442.mp3,Arrogalla remix feat Andrea Congia],Volfoniq-Memori [Amentu Segretu 
444.mp3,People Living And Leaving Big Citys,Augustus Bro & Gallery Six
445.mp3,Casual Graphic Designer,Bacalao
448.mp3,Destination,Anitek
449.mp3,simple,Orbique
450.mp3,Grief And Sleep,Ghosts
451.mp3,Smoothest Runes,Thick Business
452.mp3,La (instrumental),YACHT-Shangri
453.mp3,Only Instrumental,Broke For Free
454.mp3,Steppin,Wake
455.mp3,Expedition Chant Cup,Music For Your Plants
456.mp3,Crack in Time,Stickfigure
458.mp3,Night Fly,Nameless Dancers
459.mp3,Cryin in the Delta Wind,Mutherpluckin' B
460.mp3,Inner Demon,Flex Vector
461.mp3,Ocean Breeze,Sycamore Drive
462.mp3,Ironic (feat,Morsa-Erotic Post
463.mp3,Overlay Star,Lomovolokno
464.mp3,Ropes,Plurabelle
466.mp3,Forever falling up,Fanas
467.mp3,Runtime error,Peter Sharp
468.mp3,Hiss,Zero V
469.mp3,Knock Knock,Broke For Free
472.mp3,I,Listen With Sarah
473.mp3,SmurfPulser,Illocanblo
475.mp3,Ooo,Morphamish + MAKO
477.mp3,Night Drive,Decktonic
478.mp3,Initiation,Zero V
479.mp3,Not Found (Invisible),Jiony
480.mp3,entry,Lee Rosevere-Chapter Seven - Re
481.mp3,Seeing The Future,Dexter Britain
482.mp3,LA,Julian Winter
484.mp3,Got Me (club mix),Beat Doctor
485.mp3,Coral Reef,Psychadelik Pedestrian
486.mp3,Neurociencia,Pulselooper
487.mp3,D2,Foniqz
488.mp3,Cold Summer Landscape,Blear Moon
489.mp3,Pink Fuzz!,The Protagonist!
490.mp3,Chico (The Way Out),Apes on Tapes
492.mp3,Beryllos,M-PeX
493.mp3,summer,General Fuzz
494.mp3,Garden Theme,Deltason
496.mp3,OutroDub,Adubter
497.mp3,The Beat Goes On,Flex Vector
498.mp3,Drown,Altered Carbon
499.mp3,Bayview,Isle
500.mp3,القذافي الأمازون الحرس,Music For Your Plants
501.mp3,Behind The Seas,Possimiste
502.mp3,Capulet,The Rope River Blues Band
503.mp3,Big Gay Water Fight,Plushgoolash
504.mp3,Rebetikaud,Sam Shalabi
506.mp3,Like Home,Keshco
507.mp3,Mε Πιάνουνε Ζαλάδες,Caligine
512.mp3,Rast'e Tou Teke,Costa and Nero
513.mp3,Dream (instrumental),Chan Wai Fat
514.mp3,SIDEWALK,Jason Shaw
515.mp3,Hash Smugglers Blues,Plankton Wat
518.mp3,Burning School,Free Piece of Tape
519.mp3,MDMA (Pt,Morus Alba
520.mp3,Broken Spell,Moore & Sons
521.mp3,Old Strange,Black Twig Pickers and Steve Gunn
522.mp3,New Rembetika   14,Mike Cooper & Viv Corringham
523.mp3,Love,The Upsidedown-E
524.mp3,Black Eyes,Nettle
525.mp3,(h) Banjo Arba Minch Garden,Cooper-Moore
527.mp3,A Stranger's Map of Texas,Michael Chapman & The Woodpiles
529.mp3,TV Dinner,Hiiragi Fukuda
530.mp3,The Tropical Lounge Prayer Directory,The New Mystikal Troubadours
535.mp3,Sally in the Garden Sifting Sand,Black Twig Pickers and Steve Gunn
536.mp3,Don't You Want to Go to HeavenUncle Sam  ,Steven Arntson
537.mp3,Efoumernam Ena Vradi,Astral Social Club
540.mp3,Trouba,Steve Gunn
544.mp3,Day Into Night,Rho
547.mp3,It's all right,Mr. & Mrs. Smith
550.mp3,Titanic,Michael Chapman & The Woodpiles
551.mp3,Harmless Blues,Moore & Sons
554.mp3,Wave Graves,Paneye
555.mp3,Views of The Holy & Divine,The Agrarians
556.mp3,Life on the Odyssean Wave,Steven Arntson
558.mp3,Good Night Heart,My Bubba & Mi
560.mp3,Vanlig,Jahzzar
561.mp3,La Minor Live at Pacific Parc Vol,La Minor
564.mp3,Solemn Ground,Fit and the Conniptions
565.mp3,Sousta Politiki,Amen Dunes
568.mp3,The Incredible Infection of Unintended Invection,U Can Unlearn Guitar
574.mp3,Cattails,Kevin MacLeod
577.mp3,Look inside,Jahzzar
579.mp3,The Surveyor,red_robin
580.mp3,Grass Above My Head,Cian Nugent
581.mp3,Mona Lisa,Atlas Sound
582.mp3,12 MORNINGS,Jason Shaw
584.mp3,Stin Ypoga,Ignatz
585.mp3,The Bright New Year (By Bert Jansch),Yair Yona
586.mp3,Hemoglobin (Live at the Tonic Room),Greg Gibbs
591.mp3,Whoopee Ti Yi Yo,The Sons Of The Pioneers
592.mp3,Tape Eater,Pietnastka
594.mp3,Di Hei Hei (sung by Po Sun Yi),Chan Wai Fat
597.mp3,Wafternoon,Keshco
598.mp3,Joke,Jahzzar
600.mp3,32 Ford,Joe Mazzola
605.mp3,Flirt,The Simple Carnival
606.mp3,Ice Cream,Jahzzar
607.mp3,Past Has Not Passed,James Blackshaw
608.mp3,Adinatisa O Kaymenos,Daniel Padden
609.mp3,Eter,M-PeX
610.mp3,Shine,Jahzzar
611.mp3,Car Crash,Jahzzar
612.mp3,Wild Horse of Stony Point,Black Twig Pickers
613.mp3,Going to,Jahzzar
614.mp3,I Want To Destroy Something Beautiful,Josh Woodward
615.mp3,Talking,Moore & Sons
616.mp3,Hot Kettle and a Lonely Gun,Greg Gibbs
617.mp3,A Clean Slate,The Peach Tree
620.mp3,Aqua,M-PeX
621.mp3,The Blender is Not Built For That,Carter Thornton
622.mp3,Zoo,Greg Gibbs
623.mp3,Anniversary,Jahzzar
625.mp3,Night Ahead,Moore & Sons
628.mp3,Hungaria,Latché Swing
629.mp3,Volksing Ferretismico,Goto80 and the Uwe Schenk Band
631.mp3,Lansdowne,WWIII
632.mp3,Forward,Northbound
634.mp3,If I Can't Dance It's Not My Revolution,Quantum Jazz
635.mp3,The Third Man Theme (Live @ KEXP),Rat City Brass
637.mp3,It smells like Chamomile Tea,Evgeny Grinko
638.mp3,Winter Sunshine,Evgeny Grinko
639.mp3,Indian Summer,Zero V
640.mp3,¡Qué Paciencia!,Los Sundayers
643.mp3,Thriller Iller,Goto80 and the Uwe Schenk Band
644.mp3,By the Coast (2004),Antony Raijekov
645.mp3,Mutatis Mutandis,Cosmic Analog Ensemble
646.mp3,Backed Vibes Clean,Kevin MacLeod
647.mp3,Scattered Knowledge,Revolution Void
648.mp3,Swing 39,Latché Swing
649.mp3,I Remember You,Nature
650.mp3,City Tail,Ido Bukelman
651.mp3,Balancing Act,The Underscore Orkestra
652.mp3,Don't Rush,Zero V
653.mp3,Jazz Club,Kriss
654.mp3,asrealasitgets2),Dizzy Banjo-Jazzy Macys (disquiet0038
656.mp3,when,Stephan Siebert
657.mp3,Ponky Fonky Ferret,Goto80 and the Uwe Schenk Band
658.mp3,AcidJazz,Kevin MacLeod
660.mp3,05 CherryBlossom,Daddy_Scrabble
661.mp3,Are,Oaxacan
662.mp3,Rythme Gitan,Latché Swing
663.mp3,Rail Star Mode,Spartak
664.mp3,Cable Swingin' Ferret,Goto80 and the Uwe Schenk Band
665.mp3,Sweet Georgia Brown,Latché Swing
666.mp3,Crackle & Pop,Digital Primitives
667.mp3,I Can't Behave,Caravan of Thieves
668.mp3,LordDa Mercy,Daddy_Scrabble
671.mp3,Menilmontant,Latché Swing
672.mp3,Vibe Ace,Kevin MacLeod
673.mp3,Mirando Hacia Atrás,Los Sundayers
674.mp3,Songe D'Automne,Latché Swing
675.mp3,Meetin' & Movin',Merkel & Fritzemeier
676.mp3,Chosen Kale Mazel Tov,The Underscore Orkestra
677.mp3,Neuroleptic trio instrumental 6,Neuroleptic Trio
681.mp3,Devil with the Devil,The Underscore Orkestra
682.mp3,Resonance,Nature
684.mp3,magic of fog,Rushus
685.mp3,George,Curha
686.mp3,is there anybody out there,Sergi Boal
687.mp3,Balancing Act Chosen Kale Mazel Tov ,The Underscore Orkestra
688.mp3,Irresistible Yvette (with Les Gauchers Quintet),Lee Maddeford
689.mp3,M (2003),Antony Raijekov-Ambient
690.mp3,Infant Holy Infant Lowly ,Ann Alee
691.mp3,Hard Time Killing Floor Blues,Nature
692.mp3,Boudougou,Breuss Arrizabalaga Quintet-Nfamoudou
693.mp3,Impressive,Mystic Morrison Visions
695.mp3,Track 6,Sunny Jain's Red Baraat Festival
696.mp3,Extraordinary Vibe,Nature
697.mp3,VA Riding (Single Edit),DJ Harrison
698.mp3,The Keeper (Live @ KEXP),Bonobo
699.mp3,SYMPHONIC SLIDE,Jared C. Balogh
700.mp3,Moon Dream (Extended Mix),Sephirot
702.mp3,Shipyard,WWIII
703.mp3,Arana,Jazz at Mladost Club
704.mp3,Monkeys have arrived,Daddy_Scrabble
706.mp3,Amari Szi,The Underscore Orkestra
707.mp3,Prelude #2 in A Minor (Chopin),Ben Holmes and Patrick Farrell
708.mp3,NO MATH 7,Trans Atlantic Rage
709.mp3,Jovanko,The Underscore Orkestra
710.mp3,They Enter Through the Ear,Ehran Elisha and Roy Campbell
711.mp3,Dances and Dames,Kevin MacLeod
712.mp3,As I Figure,Kevin MacLeod
713.mp3,parte 1 parte 4 ,MarginalS
714.mp3,In The Techno Tent,Nature
715.mp3,PULLING MYSELF UP THROUGH,Jared C. Balogh
717.mp3,Underscore Underwear,The Underscore Orkestra
718.mp3,Cocek,The Underscore Orkestra
719.mp3,Transparente,Los Sundayers
721.mp3,Mic Check,Nature
722.mp3,Orbiting A Distant Planet,Quantum Jazz
723.mp3,April Showers,ProleteR
724.mp3,RSJFoundation live at Pacific Parc,Rotterdam Ska Jazz Foundation
725.mp3,Octopus,Mystic Morrison Visions
726.mp3,Trio Take 5,Cooper-Moore
727.mp3,THE HAPPIEST LIFE,Jared C. Balogh
728.mp3,Magdalena,The Underscore Orkestra
729.mp3,Pepper Spray Blues,The Luddites
730.mp3,Mircoobee,Keinzweiter
731.mp3,Džejbe Džejbe,Neuroleptic Trio
732.mp3,Dobur Vecher,The Underscore Orkestra
733.mp3,Mad About You,Yair Yona
734.mp3,Sandu,Hugo 'Droopy' Contini
735.mp3,Invisible Walls,Revolution Void
736.mp3,Sax,Kevin MacLeod-Night on the Docks 
737.mp3,Some Other Place,DJ Harrison
738.mp3,Blue Draggish,The Underscore Orkestra
739.mp3,Balcarabic Chicken,Quantum Jazz
740.mp3,Futoristico,Gilad Atzmon
741.mp3,Broken String,The Underscore Orkestra
742.mp3,Nitro,OPRACHINA-Oprachina 
743.mp3,Tasky,Blue Swerver
744.mp3,Capadócia,Thiago França
745.mp3,Maia,Kreng
746.mp3,My Blackbirds Are Bluebirds Now,The Moonlighters
747.mp3,bruch,Stephan Siebert-auf
748.mp3,Night City,Dirty Beaches
749.mp3,Big Fun (New Ruckus),Slumgum
750.mp3,Street Song  Honga,Ben Holmes and Patrick Farrell
756.mp3,Lips,Plurabelle
757.mp3,Freeway,Kurt Vile
758.mp3,Ou Inme,ghostandthesong
759.mp3,Frozen Egg,Lame Drivers
763.mp3,Siesta,Jahzzar
764.mp3,Vogelbird,Sleeping Policemen
767.mp3,kirblooey,Windom Earle
769.mp3,Chaos,AMANDA
773.mp3,The Island Song,U.S. Girls
775.mp3,In The Early Months Of The Emergency,Ghost Hunter
776.mp3,Through The Haze Of The Green Glasses,Ghost Hunter
777.mp3,A Little Too Fast,The Strangers
779.mp3,What Circle Where,Macaw
780.mp3,Gay_Bar_videogame,The Wildbunch
781.mp3,Butterfly,Delicate Steve
782.mp3,Who Are You,The Strangers
784.mp3,Le Gateau Au Yaourt,Benjamin Bret
787.mp3,Ride The Tide,coverclub.nl-Schotel van de Dag 
789.mp3,No Slow Dancing,Austin Leonard Jones
790.mp3,City Sounds,Sycamore Drive
791.mp3,West Bank,Lezet
794.mp3,Window #3,Two Bicycles
795.mp3,Simon Cowell,Ergo Phizmiz
796.mp3,Ghost Transference,Learning Music
797.mp3,Sunday Lovers,Monday Night Fever
798.mp3,Waha,Casetofoane
799.mp3,Beach Point Pleasant,Ducktails
800.mp3,Cinq,Les Oreilles-Quarante
801.mp3,Marty Feldman,Keshco
804.mp3,Birthday Cake,Jahzzar
805.mp3,Son Of A Systems Engineer Manager,Keshco
806.mp3,Christmas Day With Me,coverclub.nl-Laura Vane & the Vipertones 
807.mp3,Ftgrr,Björn & Gorden
808.mp3,Lost,Greg Gibbs
810.mp3,El barzón,Los Amparito
811.mp3,Tourist Shooting Tar Balls,Party People in a Can
813.mp3,Wild & You,My Bubba & Mi
814.mp3,re bitterfly,etc.
815.mp3,LightLivid ,Plurabelle
818.mp3,In Fielder,Miró Belle
819.mp3,Tilly's Punctured Romancer,Ergo Phizmiz
820.mp3,Wallflower,Plurabelle
823.mp3,You Want It,Gringo Star
824.mp3,Untold Story,Sycamore Drive
825.mp3,I Keep My Soul Alive with Different Kinds of Germs,FAVORS
826.mp3,I'll Keep It With Mine,Dean & Britta
829.mp3,Talk to me,Jahzzar
830.mp3,Enel,Casetofoane
831.mp3,Electrohood,Casetofoane
833.mp3,Rocky 5000,Casetofoane
834.mp3,Fly By Night,Keshco
836.mp3,Memories Are Made of This,The Scallions
839.mp3,Fun With Petroleum,Ergo Phizmiz
841.mp3,Nicotine Blues,Kurt Vile
844.mp3,Wizball,Gustav Taxén
845.mp3,The Great Giana Sisters (Piano cover),Christian Vestergaard
846.mp3,High Buildings,Flora
848.mp3,Eating Baby Lions Nightmare,Shirley and Spinoza-Half
850.mp3,Strange Things,Ergo Phizmiz
851.mp3,Etam Etamski,How How-Tetrolux 
852.mp3,Erebus (piano),Andrea Baroni
854.mp3,Through & Through,My Bubba & Mi
855.mp3,2,The Family Simpson
856.mp3,The Other Man,Sloan
857.mp3,Trick Pony (Live @ KEXP),Charlotte Gainsbourg
858.mp3,Alive,Jahzzar
859.mp3,Delta,Moonove
860.mp3,Señor Bomba,MrJuan
863.mp3,The End of Time,Computer Magic
864.mp3,Polaroid,Jahzzar
865.mp3,Love Me Like You,The Mythics
866.mp3,Basket Ball Get Your Groove Back (Live @ KEXP),Deerhoof
867.mp3,Saudades,Duda Nunes
869.mp3,cuts&bruises,Plurabelle
871.mp3,Deep Thought Process,Sycamore Drive
872.mp3,Ticking Away,Cranston
873.mp3,Summer Song (Instrumental),YACHT
874.mp3,This Love's Got to Change,Black Math
876.mp3,Kopeika,et_
879.mp3,Computer,State Shirt
880.mp3,Stance Gives You Balance,Hogan Grip
882.mp3,The last ones,Jahzzar
884.mp3,Old White Eye,Ghost Hunter
886.mp3,Mariachi Bandits of Gatling Gun Ridge,krackatoa
887.mp3,Happening for Lulu,Kraus
889.mp3,Requiem for a Fish,The Freak Fandango Orchestra
890.mp3,The Beach! The Beach!,Holy Coast
891.mp3,Jupiter The Blue,Gillicuddy
892.mp3,North Sea Radio,Paneye
893.mp3,Blackroad,Tyrannic Toy
897.mp3,arriba,reed blue & exteenager
898.mp3,No,Room For A Ghost
899.mp3,One Man And His Piano,Linus Akesson
902.mp3,Naramiddu poita (feat,Arrogalla remixes Dadub
903.mp3,Wild Eyes (live @ WFMU),Vivian Girls
904.mp3,Something In the Woods,krackatoa
908.mp3,You Can't Have It   Shinjuku Birdwalk,Karen Cooper Complex
909.mp3,Exotica,Juanitos
910.mp3,Utopia (instrumental),YACHT
911.mp3,Jungle Law,Original Innocence
913.mp3,Untitled 06,Mountain Cult
915.mp3,Everything Is Changing,Noi
921.mp3,Sambarama,Juanitos
924.mp3,Strange Italian Song,Juanitos
925.mp3,Photosphere,Charles Atlas
926.mp3,Flying Alaska V,Everlone
928.mp3,the  13 O' Clock in the Morning ,Waiters
931.mp3,Mickey Maos,Halloween
932.mp3,Crowning Of A Heart (Live @ KEXP),…And You Will Know Us By The Trail Of Dead
934.mp3,Other Side,Lame Drivers
936.mp3,Plumy Tale,Dumbo Gets Mad
938.mp3,Thrashing In The Unknown,Milk Music
939.mp3,You should go on,Richard There
941.mp3,Get My Fix (Morphamish Mix),Morphamish+ Tekkerz
942.mp3,Santa Leone,Pajaro
944.mp3,Hey Grrl,Shark 
945.mp3,Leelo (Part 1),The Ghost Of 29 Megacycles
949.mp3,Favorite Secrets,Waylon Thornton
952.mp3,Monday at 12,Glass Boy
954.mp3,Bruce Lee (acoustic Jam),Doron Deutsch
955.mp3,Blind Eyes,Everlone
956.mp3,Indian Summer,end's not near
957.mp3,boss A,un automne à Lob-Nor
958.mp3,(Untitled 1),Trailblazer
959.mp3,Indyair,springtide
960.mp3,Helix Nebula,Anamanaguchi
961.mp3,Union Square,James Beaudreau
962.mp3,Rotting Heights,Ice Age
964.mp3,Driftin' Around,J.Walker & The Crossguards
967.mp3,I Had A Dream,Daniel Johnston
968.mp3,Bar Trombone,Abe Sada-Black
970.mp3,The Pharaos' Theme,Pharaos
973.mp3,Swagg's & Elliot,Mount Carmel
974.mp3,Crucial Contact,Karl Blau
976.mp3,Merry Christmas,Glass Boy
977.mp3,Suck City,Black Math
978.mp3,Absolutely Gorgeous,krackatoa
979.mp3,Deck the Halls,Rue Royale
980.mp3,Tell The Police The Truth,Mahjongg
981.mp3,Bottums Up,Morphamish
983.mp3,Tripped & Fell In Love (instrumental),YACHT
985.mp3,Zebra (Live @ KEXP),Beach House
986.mp3,Girl,Suicide
987.mp3,Hit and Run,Jack Ruby
988.mp3,The Pull,Bluebrain
989.mp3,piste quatre,Vespre
990.mp3,El Tranvía,Jenifer Avila
991.mp3,Moving Away,Moore & Sons
993.mp3,Stance Gives You Power,Hogan Grip
994.mp3,Engine #3 (Morphamish Remix),Morphamish remixes Full Blush
995.mp3,Honte De Toi,Benjamin Bret
996.mp3,Fireworks,Jahzzar
997.mp3,Monster On Campus,Halloween
999.mp3,So Easy,Jahzzar
1000.mp3,Single,Republic Of Lights-Got You Surrounded 
1001.mp3,Weatherman,The Rope River Blues Band
1002.mp3,Wolf,Kidney Brothers (The Numbers Band)
1003.mp3,My My My,Samm Bennett
1004.mp3,Visitor,The Rope River Blues Band
1005.mp3,Summer,Brother JT
1006.mp3,The Window,Wildbirds and Peacedrums
1007.mp3,Doubt/Hope,Wildbirds and Peacedrums
1008.mp3,Warm's The New Cool,Brother JT
1009.mp3,Please Don't Go,Big Bill Broonzy
1010.mp3,Bad Trip,The Relatives
1011.mp3,The Eight,Cooper-Moore & Assif Tsahar
1012.mp3,Baltimore Raven,Little Howlin' Wolf
1013.mp3,Untitled 3,Loren Connors and Bill Orcutt
1014.mp3,Down in the Dumps,Nobody's Bizness
1015.mp3,Good 'ol Shoe,Patchwork on the Blues
1016.mp3,Lost Love,Wildbirds and Peacedrums
1017.mp3,Hare,James Beaudreau
1018.mp3,Nebula,James Beaudreau
1019.mp3,Plum,James Beaudreau
1020.mp3,magic magic,Mr. & Mrs. Smith
1021.mp3,The Lurker,Steve Gunn
1022.mp3,Sirens,Mr. & Mrs. Smith
1023.mp3,Paris,Mr. & Mrs. Smith
1024.mp3,St James Infirmary,Roger McGuinn
1025.mp3,Willie Meehan,Barrence Whitfield and The Savages
1026.mp3,with Love,Mr. & Mrs. Smith
1027.mp3,Thyme,The New Mystikal Troubadours
1028.mp3,Summer's Song,The New Mystikal Troubadours
1029.mp3,Big Ole Bear,Little Howlin' Wolf
1030.mp3,There Is No Light,Wildbirds and Peacedrums
1031.mp3,I,The New Mystikal Troubadours
1032.mp3,Bury the Dead,The Agrarians
1033.mp3,Copenhagen,The New Mystikal Troubadours
1034.mp3,Farewell Song,The Agrarians
1035.mp3,A Little Soul,The KrestArians
1036.mp3,Merry Gentlemen,The KrestArians
1037.mp3,Many Many,Fit and the Conniptions
1038.mp3,Spider Song,Fit and the Conniptions
1039.mp3,Spellbound,Fit and the Conniptions
1040.mp3,Storm's Over,Fit and the Conniptions
1041.mp3,You Can't Lose,Fit and the Conniptions
1042.mp3,Virginia,Jeremy Wallace
1043.mp3,Bracken Bed,Malty Media
1044.mp3,Thinking Of You,Cantonement Jazz Band
1045.mp3,Russian Dance,Yair Yona
1046.mp3,Someday Soon,Joe Marson and The Satisfied Mind
1047.mp3,Blues For Brownie,Colin Shaddick & Roger Nicholls
1048.mp3,Escape,Break The Bans
1049.mp3,Hey Girl,Break The Bans
1050.mp3,Amsterdam,Guitar Lightnin Lee and His Thunder Band
1051.mp3,return,The Re-Stoned
1052.mp3,jam,The Re-Stoned
1053.mp3,Breathe,Sound Of Ground
1054.mp3,Lover,Break The Bans
1055.mp3,Sexy Lady,Break The Bans
1056.mp3,Frozen Souls,Navel
1057.mp3,Shelter Between Sky and Ground,Sound Of Ground
1058.mp3,Camino Infinito,Sound Of Ground
1059.mp3,Green Turning Light,Sound Of Ground
1060.mp3,Gay Bar,Break The Bans
1061.mp3,Bodacious,mojo monkeys
1062.mp3,Fever,Zombie Prom Queen
1063.mp3,sleeping world,The Re-Stoned
1064.mp3,Love Machine,Beans & Bullets
1065.mp3,mountain giant,The Re-Stoned
1066.mp3,Life After Sundown,Glass Candy
1067.mp3,Tender,BJ Block & Dawn Pemberton
1068.mp3,Without You,BJ Block & Dawn Pemberton
1069.mp3,Hurt,Glass Candy
1070.mp3,The Chameleon,Glass Candy
1071.mp3,Jellyfish,The Discoghosts
1072.mp3,Monsterdance (feat. Hasi International™),The Discoghosts
1073.mp3,Sunshine,Dr Freebs
1074.mp3,For The Ladies (feat. Hasi International™),The Discoghosts
1075.mp3,Balla!,Tracky Birthday
1076.mp3,Straight But Gayish,The Discoghosts
1077.mp3,Happy Joy,The Discoghosts
1078.mp3,Eöööhh! (with The Discoghosts),Tracky Birthday
1079.mp3,Goin' Down to the Bus Stop,T Bird
1080.mp3,Newish Disco,Tracky Birthday
1081.mp3,Kill The Messenger,Karl Blau
1082.mp3,Sugar &amp; Whitebread (instrumental),Glass Candy
1083.mp3,Sugar &amp; Whitebread,Glass Candy
1084.mp3,something,airtone
1085.mp3,Good,Podington Bear
1086.mp3,Work the Middle,Andrea
1087.mp3,drugs and Russian girls,Nambavan
1088.mp3,Five Nine Seven Eight,Virt
1089.mp3,Ignition,Bomb Boy
1090.mp3,drugs and Russian girls,Nambavan
1091.mp3,drugs and Russian girls,Nambavan
1092.mp3,drugs and Russian girls,Nambavan
1093.mp3,The Day Before,Spiedkiks
1094.mp3,Endorphemeral,Zabutom
1095.mp3,Ripple Boogie,Simon Stålenhag
1096.mp3,Pendulum II,hizmi
1097.mp3,Oskari the Heimfanker,Madbrain
1098.mp3,V.S.O.P.M.,Shogun
1099.mp3,Victory,Smoked Meat Fax Machine
1100.mp3,Slums of Heaven,Smoked Meat Fax Machine
1101.mp3,Part 1,The Vainglories
1102.mp3,Smile,Kosta T
1103.mp3,Colorado,Podington Bear
1104.mp3,FOR YOU,Jared C. Balogh
1105.mp3,Second,The New York Underground Orchestra (Conducted By Assif Tsahar)
1106.mp3,Third,The New York Underground Orchestra (Conducted By Assif Tsahar)
1107.mp3,Solitude,Assif Tsahar's Project Solitude
1108.mp3,Cantique de Jean Racine (Gabriel Fauré),Les Petits Chanteurs de Montigny
1109.mp3,Kyoto,Nest
1110.mp3,Heroines,Diablo Swing Orchestra
1111.mp3,Old New World,No Regrets For Our Youth
1112.mp3,Steady,No Regrets For Our Youth
1113.mp3,Dance,No Regrets For Our Youth
1114.mp3,Marefjellet,Nest
1115.mp3,Amen,The Tudor Consort
1116.mp3,If,Peter Rudenko
1117.mp3,Part 3,The Vainglories
1118.mp3,Lodge,Nest
1119.mp3,Waiting,Peter Rudenko
1120.mp3,Cad Goddeu,Nest
1121.mp3,Charlotte,Nest
1122.mp3,O Little Town Of Bethlehem,IKOS David Clifton with the choirs of Peterborough Cathedral
1123.mp3,ROSE,Jared C. Balogh
1124.mp3,Part 1,David Borden
1125.mp3,MAY,Jared C. Balogh
1126.mp3,Trace,No Regrets For Our Youth
1127.mp3,Love Is,Assif Tsahar's Project Solitude
1128.mp3,Dreams,Lee Maddeford
1129.mp3,In The Bleak Mid~Winter,IKOS David Clifton with the choirs of Peterborough Cathedral
1130.mp3,Part 2,The Vainglories
1131.mp3,Kyrie Eleison,The Tudor Consort
1132.mp3,Benedictus,The Tudor Consort
1133.mp3,Lontana,Fabrizio Paterlini
1134.mp3,Fantasy,Podington Bear
1135.mp3,Ever,Podington Bear
1136.mp3,May,Marcel Pequel
1137.mp3,Learn,Steven Arntson
1138.mp3,FIN,Jared C. Balogh
1139.mp3,Aria,Kimiko Ishizaka
1140.mp3,Part 9,David Borden
1141.mp3,TEAR,Jared C. Balogh
1142.mp3,February,Marcel Pequel
1143.mp3,Trip,Lee Maddeford and  Roland Vouilloz
1144.mp3,BWV 598: Pedal-Exercitium,James Kibbie
1145.mp3,Sanctus,The Tudor Consort
1146.mp3,Duet for Violin and Piano,Muhal Richard Abrams
1147.mp3,Valentina,Lanark
1148.mp3,El transcurrir de las horas,Bosques de mi Mente
1149.mp3,Viandanze,Fabrizio Paterlini
1150.mp3,Profondo Blu,Fabrizio Paterlini
1151.mp3,O Fortuna,Dr. Phibes and The Ten Plagues of Egypt
1152.mp3,Finale,Lee Maddeford
1153.mp3,The Fall,Peter Rudenko
1154.mp3,Mome,Lee Maddeford
1155.mp3,for String Quartet,Andrew Christopher Smith
1156.mp3,Tleilaxuburg5 Movement V,The Tleilaxu Music Machine
1157.mp3,Tleilaxuburg5 Movement IV,The Tleilaxu Music Machine
1158.mp3,Tleilaxuburg5 Movement III,The Tleilaxu Music Machine
1159.mp3,Tleilaxuburg5 Movement II,The Tleilaxu Music Machine
1160.mp3,Tleilaxuburg5 Movement I,The Tleilaxu Music Machine
1161.mp3,Impression,Kosta T
1162.mp3,Screen,Ventolyn & Becotyde
1163.mp3,For Unto Us A Child Is Born,IKOS David Clifton with the choirs of Peterborough Cathedral
1164.mp3,January,Marcel Pequel
1165.mp3,posture,Ventolyn & Becotyde
1166.mp3,Open Door,E. R. Goodman
1167.mp3,March,Marcel Pequel
1168.mp3,piano,Corey Cerovsek
1169.mp3,Chopin Bee,Lanark
1170.mp3,other child room,Evgeny Grinko
1171.mp3,Crow,Podington Bear
1172.mp3,Morning,E. R. Goodman
1173.mp3,Dream Time,John Moran
1174.mp3,Thinking Different Doing Same vs. Doing Different Thinking Same,No Regrets For Our Youth
1175.mp3,Coincidence,Mandy Mozart Feat. Jiin Ko
1176.mp3,Bethlehem Down,IKOS David Clifton with the choirs of Peterborough Cathedral
1177.mp3,Away In A Manger,IKOS David Clifton with the choirs of Peterborough Cathedral
1178.mp3,piano,Nicola Benedetti
1179.mp3,28359840921=42,Evgeny Grinko
1180.mp3,La rencontre,Circus Marcus
1181.mp3,Black Man,Lee Maddeford and  Roland Vouilloz
1182.mp3,Inside,Textile Audio
1183.mp3,BWV 591: Little Harmonic Labyrinth,James Kibbie
1184.mp3,Two,Marcel Pequel
1185.mp3,BWV 590: Pastorale in F Major - 4. [Gigue,James Kibbie
1186.mp3,How The Soul Has Arrived At Understanding Of Her Nothingness,Jozef van Wissem
1187.mp3,Cable,Ventolyn & Becotyde
1188.mp3,Les accouplements répétitifs,Circus Marcus
1189.mp3,La tragédie de la femme a poils,Circus Marcus
1190.mp3,La chambre,Circus Marcus
1191.mp3,Sunset,Podington Bear
1192.mp3,Driving,E. R. Goodman
1193.mp3,Always Greener,E. R. Goodman
1194.mp3,Nothing,E. R. Goodman
1195.mp3,Sailing,Lee Maddeford and  Roland Vouilloz
1196.mp3,Free Me,Lee Maddeford and  Roland Vouilloz
1197.mp3,New Life,Kosta T
1198.mp3,Miroirs II Oiseaux Tristes,Felipe Sarro
1199.mp3,Punishment,Textile Audio
1200.mp3,BWV 590: Pastorale in F Major - 3. [Aria,James Kibbie
1201.mp3,Flowers,Shannon And The Clams
1202.mp3,Friends,The Black Swans
1203.mp3,Charlotte,The 'Mericans
1204.mp3,One I Love,The Volebeats
1205.mp3,Bad News,The Pine Valley Cosmonauts - Alejandro Escovedo &amp; Jon Langford With Dave Alvin
1206.mp3,One Big Holiday,My Morning Jacket
1207.mp3,The swimming pool,LE CLUB DES CHATS
1208.mp3,Hallelujah,Factories and Alleyways
1209.mp3,Cold Rain,Matt Valentine & Erika Elder
1210.mp3,Temporary Loan,Edith Frost
1211.mp3,Rosalie,Alejandro Escovedo
1212.mp3,One More Time,Alejandro Escovedo
1213.mp3,Walk on the Fire,Edith Frost
1214.mp3,Nothin' But Nothin',Rex Hobart &amp; the Misery Boys
1215.mp3,We Plant Trees,The Cracker Cats
1216.mp3,More Man,The Meat Purveyors
1217.mp3,Wonder Wonder,Edith Frost
1218.mp3,Off The Trail,The 'Mericans
1219.mp3,Pony Song,Edith Frost
1220.mp3,Who,Edith Frost
1221.mp3,Hanged Man,The Meat Purveyors
1222.mp3,The Burden,Matt Valentine & Erika Elder
1223.mp3,California,Golden Boys
1224.mp3,Morgenstern,Boris & Olivier
1225.mp3,Earth,Two Prong
1226.mp3,East Mountain Joint,Matt Valentine & Erika Elder
1227.mp3,Trouble,Jimmy Cousins
1228.mp3,Little Dog's Day,Glenn Jones
1229.mp3,Circus Clown,The Meat Purveyors
1230.mp3,One More Night,Mild Winter
1231.mp3,Moment,Jimmy Cousins
1232.mp3,Muleskinner,The Meat Purveyors
1233.mp3,I Was Drunk,Alejandro Escovedo
1234.mp3,Almost,Stray Dogg
1235.mp3,Red Red,Megan Jean and the Klay Family Band
1236.mp3,Hope Is A Thing With Feathers,Trailer Bride
1237.mp3,Soul,Stray Dogg
1238.mp3,Landlord,Oakley Hall
1239.mp3,Pinetree Boogie,Th' Legendary Shack Shakers
1240.mp3,Broken Bottle,Alejandro Escovedo
1241.mp3,Break,Stray Dogg
1242.mp3,Alabama Chicken,Sean Hayes
1243.mp3,Hung Over,The Crevulators
1244.mp3,Country Love,Benji Hughes
1245.mp3,Look On Your Face,The Meat Purveyors
1246.mp3,Babe,Lee Maddeford
1247.mp3,Bottle,Jimmy Cousins
1248.mp3,Prayer,Mild Winter
1249.mp3,Light of My Love,Oakley Hall
1250.mp3,Karpuzkafa 777,Hayvanlar Alemi
1251.mp3,I'm going home,Lee Maddeford
1252.mp3,O Cérebro do Morto,Dr. Frankenstein
1253.mp3,Our Mother The Mountain,Navel
1254.mp3,Help Me From My Brain,Th' Legendary Shack Shakers
1255.mp3,Don't Go,Stray Dogg
1256.mp3,Life Is Now,Factories and Alleyways
1257.mp3,Four,Waylon Thornton
1258.mp3,Louie,Shannon And The Clams
1259.mp3,Prisoner,Monk Turner + Fascinoma
1260.mp3,Anything You Want,The Crevulators
1261.mp3,Joe Tex,The Black Swans
1262.mp3,Skinny White Girl,Trailer Bride
1263.mp3,Homicide,The Pine Valley Cosmonauts - Skid Marks With Sally Timms
1264.mp3,Where The Comet Falls,Al Duvall
1265.mp3,Smoke Alarm,Carsie Blanton
1266.mp3,Ladies,Jimmy Cousins
1267.mp3,The Picket Line,Uke Stanza
1268.mp3,A Geranium for Mano-A-Mano,Glenn Jones
1269.mp3,The Hangman's Song,Pine Valley Cosmonauts W/ Puerto Muerto
1270.mp3,Intro,Voodoo Puppets
1271.mp3,Disappear,Stray Dogg
1272.mp3,Six,Waylon Thornton
1273.mp3,Blues,Colin Langenus
1274.mp3,Es un crimen,Robo
1275.mp3,New Love,Wooden Ambulance
1276.mp3,Storm,Noise Problems Selections
1277.mp3,Honest Truth,Carsie Blanton
1278.mp3,All We Got,Carsie Blanton
1279.mp3,Monkey Tongue,The Moaners
1280.mp3,Idiot Heart,Carsie Blanton
1281.mp3,PARTING GLASS,Jason Shaw
1282.mp3,Nothing to Say,Colin L. Orchestra
1283.mp3,Stream,Two Prong
1284.mp3,I can't help myself,Boris & Olivier
1285.mp3,Free Association,These Hills of Gold
1286.mp3,Mason/Dixon,The 'Mericans
1287.mp3,We Plant Trees,Alice Rose
1288.mp3,We Plant Trees,Bill Crosson
1289.mp3,Fahey's Car,Glenn Jones
1290.mp3,you got a broken heart,Dallas Kincaid
1291.mp3,The Lark in the Clear Air,Shake That Little Foot
1292.mp3,Itchin' For You,Trailer Bride
1293.mp3,Too Many Snakes,Trailer Bride
1294.mp3,Pasture,Trailer Bride
1295.mp3,18 Wheels,Moonshine Willy
1296.mp3,Everybody Loves Me,Alejandro Escovedo
1297.mp3,Bury Me In Shellac,Al Duvall
1298.mp3,Don't Wipe Your Face With Your Shirt,The Cornell Hurd Band
1299.mp3,As They Are Blown Here And There,Protestant Work Ethic
1300.mp3,Five Against One,Al Duvall
1301.mp3,Blow,Jupiter Makes Me Scream
1302.mp3,Picture,Jupiter Makes Me Scream
1303.mp3,Feel Right,The Courier
1304.mp3,Control,Control Alt Deus
1305.mp3,Alone,The S.K.
1306.mp3,The Cave,Band of Mad Women
1307.mp3,Maybe!,Source Of Yellow
1308.mp3,Take Me Away,Just Plain Ant
1309.mp3,Yeah,Mizuki's Last Chance
1310.mp3,From Stardust to Sentience,High Places
1311.mp3,Lullaby,The Womb
1312.mp3,Overture,The Womb
1313.mp3,Shine,The Hunters
1314.mp3,Disco Suicide,The Womb
1315.mp3,Follow the Leader,Tab & Anitek
1316.mp3,Dreams,Tab & Anitek
1317.mp3,Black Love,The Easton Ellises
1318.mp3,Lost,Mr. Bitterness and the Guilty Pleasures
1319.mp3,Jammin,The Kandis Project
1320.mp3,Macabre,Zombectro & JDDJ3J
1321.mp3,alphaville,happiness in aeroplanes
1322.mp3,(part 3),Pink Skull
1323.mp3,Lost,Pogo
1324.mp3,Sky Eyes,The Carrier Wave
1325.mp3,Cold,The Munitionettes
1326.mp3,Come to me,Peter Sharp
1327.mp3,Lucky,All India Radio
1328.mp3,Long,Monokle & Galun
1329.mp3,Means,Monokle & Galun
1330.mp3,The King,I.D. & Baobinga
1331.mp3,Woof Woof,Dan Deacon
1332.mp3,Wasteland,Illusion of Safety
1333.mp3,Dream Baby Dream,Suicide
1334.mp3,Eyes,I Have Clones
1335.mp3,9 Ghosts I,Nine Inch Nails
1336.mp3,Sorry,The VME
1337.mp3,Intro,Je deviens dj en 3 jours
1338.mp3,Diego,Tom Woxom
1339.mp3,Sting Operation,Anamanaguchi
1340.mp3,Sad Robot,Pornophonique
1341.mp3,The World And You,Maps And Diagrams
1342.mp3,Insomnia,The Easton Ellises
1343.mp3,I am a Drone,krackatoa
1344.mp3,Brie,jonas the plugexpert
1345.mp3,Rain,BrandyAlexanderProject + Laps
1346.mp3,Night Dance,Nameless Dancers
1347.mp3,Pont,Marc de Blanchard
1348.mp3,Jetpack Blues Sunset Hues,Anamanaguchi
1349.mp3,V,Björn & Gorden
1350.mp3,This Girl,Jupiter Makes Me Scream
1351.mp3,Hexadecimal Genome,Bit Shifter
1352.mp3,The Simple Life,The Model
1353.mp3,Goldengate honey,krackatoa
1354.mp3,From Cover To Cover,julien neto
1355.mp3,Metronome,The Kirbi
1356.mp3,Afrika,Etiket Zerø feat. MC B.Wayne
1357.mp3,The Nosebleed,Ant The Symbol
1358.mp3,Sister Saviour (Blackstrobe Remix),The Rapture
1359.mp3,Horror House,Out Of Orion (Ox3)
1360.mp3,Air,Tab & Anitek
1361.mp3,birds,un automne à Lob-Nor
1362.mp3,7 Ghosts I,Nine Inch Nails
1363.mp3,Love Comes Close,Cold Cave
1364.mp3,END,Blue Stork
1365.mp3,Particle Charge,Bit Shifter
1366.mp3,Glitches,The Easton Ellises
1367.mp3,Reformat The Planet,Bit Shifter
1368.mp3,Be Sweet,The Kandis Project
1369.mp3,Activation Theme,Bit Shifter
1370.mp3,Wataridori 2,Cornelius
1371.mp3,Of the Mountains,Dan Deacon
1372.mp3,Nocturne,DJ Spooky
1373.mp3,magical shower outrun,pink
1374.mp3,white noise,happiness in aeroplanes
1375.mp3,Water Song,Band of Mad Women
1376.mp3,Speedracer,krackatoa
1377.mp3,Blood Moon Rising,krackatoa
1378.mp3,III,Björn & Gorden
1379.mp3,Look up to the Sky,krackatoa
1380.mp3,untitled,un automne à Lob-Nor
1381.mp3,Out Of Season,Wisp
1382.mp3,waiting,epsilon not
1383.mp3,Blindness Bats,khonnor
1384.mp3,Screaming Bulb (10'3'23),Sabi
1385.mp3,Red Dust,I.D. & Baobinga
1386.mp3,Graduation Day,Math and Physics Club
1387.mp3,Chase Init_,Bit Shifter
1388.mp3,Power Supply,Anamanaguchi
1389.mp3,Indiana,Guitar Wizards of the Future
1390.mp3,Sweet Shop,Doctor P
1391.mp3,Ugly Weather,Azoora feat. graciellita
1392.mp3,Airbase,Anamanaguchi
1393.mp3,DC 3000,Thievery Corporation
1394.mp3,blue,Jesse Futerman
1395.mp3,Laurensong,The Womb
1396.mp3,Panic Attack,The Courier
1397.mp3,Wet,Sabi
1398.mp3,Process of Macrocosmic Emaciation,Norrin Radd
1399.mp3,Glob Story,kilowatts
1400.mp3,Four Lights,Norrin Radd
1401.mp3,The End,Mars Payne
1402.mp3,The Little Drummer Boy,Harry the Cap
1403.mp3,Go,Josh Woodward
1404.mp3,sleep,Art of Flying
1405.mp3,air,Art of Flying
1406.mp3,garden of earthly delights,Art of Flying
1407.mp3,No Rest,The Wingdale Community Singers
1408.mp3,Whatever,The Subhuman
1409.mp3,Of Love,Johnny Favourite and the Exs
1410.mp3,Empty Streets,Suspicious for the Winter
1411.mp3,Do Wanna,Roach Davies And The Fleas
1412.mp3,Old Mine,Roach Davies And The Fleas
1413.mp3,Navigator,Roach Davies And The Fleas
1414.mp3,Wonder,Bad Night Moon Shadow
1415.mp3,Sunday,Misay Day
1416.mp3,Instrumental,Howie Mitchell & Charlotte Williams
1417.mp3,Greensleeves,Howie Mitchell & Charlotte Williams
1418.mp3,the kingdom,Trinity the Band of Pan
1419.mp3,descend,Trinity the Band of Pan
1420.mp3,On the Other Side,The Dove and The Wolf
1421.mp3,Medley,Howie & Ann Mitchell
1422.mp3,On the Other Side,The Dove & The Wolf
1423.mp3,Begin,The Peach Tree
1424.mp3,A Star,The Peach Tree
1425.mp3,The Promise,The Peach Tree
1426.mp3,L.A.,The Nighttime Adventure Society
1427.mp3,Big mess,Delphine Dora & The Unexpected
1428.mp3,A River,Entertainment for the Braindead
1429.mp3,the absence,Delphine Dora & The Unexpected
1430.mp3,Waltz,Delphine Dora & The Unexpected
1431.mp3,Let Me Go,The Chapin Sisters
1432.mp3,Seventeen,The Peach Tree
1433.mp3,Side A,Collection of the Late Howell Bend
1434.mp3,Don't Love You,The Chapin Sisters
1435.mp3,Hold On,The Peach Tree
1436.mp3,Hurt,Inch Chua
1437.mp3,Misery,The Simple Carnival
1438.mp3,Really Really,My Bubba & Mi
1439.mp3,Gone,My Bubba & Mi
1440.mp3,Head,Rocketship Park
1441.mp3,Easy,Ben Mason
1442.mp3,Winter.,Entertainment for the Braindead
1443.mp3,Afternoon.,Entertainment for the Braindead
1444.mp3,Cocoon.,Entertainment for the Braindead
1445.mp3,Home.,Entertainment for the Braindead
1446.mp3,Sleep.,Entertainment for the Braindead
1447.mp3,In Your Eyes,The Wispy Hummers
1448.mp3,My Love,The Wispy Hummers
1449.mp3,Man,Srch Party
1450.mp3,PS,Clare and The Reasons
1451.mp3,The Lake,Clare and The Reasons
1452.mp3,#6,The LibraryAnns
1453.mp3,Stella,Mark Humble & Dave Foster
1454.mp3,#5,The LibraryAnns
1455.mp3,Pain,Not From This World
1456.mp3,We,Not From This World
1457.mp3,Money,Falcao and Monashee
1458.mp3,Heaven,Falcao and Monashee
1459.mp3,Sons And Daughters,Live at WFMU on Gaylord Fields' Show on September 25
1460.mp3,Shout Out,The Twin Atlas
1461.mp3,Roll On,The Twin Atlas
1462.mp3,Fall Away,The Twin Atlas
1463.mp3,Clouds,Spires That in the Sunset Rise
1464.mp3,Looking At The World From The Bottom Of A Well,Mike Doughty
1465.mp3,Pirates,Jack and the Pulpits
1466.mp3,Give It To You,The Wyld Olde Souls
1467.mp3,Love,Bakers At Dawn
1468.mp3,Hands,Learning Music
1469.mp3,Siren,The Family Simpson
1470.mp3,Soup,The Family Simpson
1471.mp3,Martha,Andrew Vincent And The Pirates
1472.mp3,Re: Your Brains,Jonathan Coulton
1473.mp3,I Feel Fantastic,Jonathan Coulton
1474.mp3,Code Monkey,Jonathan Coulton
1475.mp3,The shining sun,The Subhuman
1476.mp3,Vietnam,The Subhuman
1477.mp3,Gone,Kelly Hogan &amp; The Pine Valley Cosmonauts
1478.mp3,All One,The Snow
1479.mp3,Fools Gold,The Snow
1480.mp3,Kisses,The Shivers
1481.mp3,Reptile,The Snow
1482.mp3,Ohio,Alec K. Redfearn & the Eyesores
1483.mp3,The River,The Dutchess And The Duke
1484.mp3,Hands,The Dutchess And The Duke
1485.mp3,Highway,Uke of Spaces Corners
1486.mp3,Forever,The Bowmans
1487.mp3,Home,Welcome Wizard
1488.mp3,Out of Time,The Dutchess And The Duke
1489.mp3,Rock and Roll Girl,John Wicks and Paul Collins
1490.mp3,Seasons,Twi the Humble Feather
1491.mp3,Rise,Alec K Redfearn & the Seizures
1492.mp3,Couldn't,Father Sleep
1493.mp3,Apart,Not From This World
1494.mp3,Sunshine,Cath and Phil Tyler
1495.mp3,Maybe,The Wyld Olde Souls
1496.mp3,Washington,The Nighttime Adventure Society
1497.mp3,Random Rules,Silver Jews
1498.mp3,Pony,Silver Jews
1499.mp3,California,Falcao and Monashee
1500.mp3,lies,Art of Flying
1501.mp3,Love,Shadow Priest
1502.mp3,Shine,Ain't No Love
1503.mp3,Placebo,Tab & Anitek
1504.mp3,Enemy,The Impossebulls
1505.mp3,Pigs,Black Dice
1506.mp3,When She Looked At Me (I Saw Her Wondering),niwa
1507.mp3,in,Broke n phono
1508.mp3,Les,Apes on Tapes
1509.mp3,that way,epsilon not
1510.mp3,Higher,The Honorable Sleaze
1511.mp3,Good Time,The NSJ Crew
1512.mp3,Haunted,The NSJ Crew
1513.mp3,The Nellie,The NSJ Crew
1514.mp3,Herb,The Hate Noise
1515.mp3,Culture for Dollars,Dälek
1516.mp3,Crazy,Blank & Kytt
1517.mp3,A Year,Broke For Free
1518.mp3,Strip,The House Arts
1519.mp3,Stereo,The Hate Noise
1520.mp3,The Last One,The Honorable Sleaze
1521.mp3,Too Much,The Honorable Sleaze
1522.mp3,Intro,The Honorable Sleaze
1523.mp3,Lovin',The Honorable Sleaze
1524.mp3,One Fine Day,The Insider
1525.mp3,Right,The Insider
1526.mp3,The Great,Broke For Free
1527.mp3,B.,Black Ant
1528.mp3,Who Knows,Deal The Villain
1529.mp3,The World,Height With Friends
1530.mp3,Want You,Deal The Villain
1531.mp3,Sweet,Deal The Villain
1532.mp3,Judas,Deal The Villain
1533.mp3,Hey,The Custodian of Records
1534.mp3,Love Lost,The Good People
1535.mp3,Star,Jay Slim
1536.mp3,much much love,The Years
1537.mp3,Lover's Rock,The Years
1538.mp3,Rain,Bilal Bashir &amp; Divine Styler
1539.mp3,Sleep.,Black Ant
1540.mp3,Vibration,The Insider
1541.mp3,If,Broke For Free
1542.mp3,Nola,Broke For Free
1543.mp3,The Hunt,Comfort Fit
1544.mp3,Rock On,Luck & Ripps
1545.mp3,Future Music,It's Notherground Music!!
1546.mp3,Planetary Picknick,Comfort Fit
1547.mp3,Todo,Ache de noche
1548.mp3,Emotional Draft,Comfort Fit
1549.mp3,Bird,James Pants
1550.mp3,Ghosts pt. 2,Shlohmo
1551.mp3,Hairy Crushed Nuts,Comfort Fit
1552.mp3,Easy Ride,The Hate Noise
1553.mp3,Primavera,Os Trasnos De Moscoso
1554.mp3,Relaxation Spa Treatment,Dan the Automator
1555.mp3,Back To The Sea,Adam & Alma
1556.mp3,Sam,Mr Ascofi
1557.mp3,Loco,El Klan de los DeDeTe
1558.mp3,Ever Somber,Dälek
1559.mp3,Miles of Smiles,Comfort Fit
1560.mp3,Interlude,jonas the plugexpert
1561.mp3,Let's Do It,It's Notherground Music!!
1562.mp3,Bow Down,The Hate Noise
1563.mp3,Neptune,Om Unit
1564.mp3,Websiiite (with Dragan Espenschied),Tracky Birthday
1565.mp3,Life's A Beach,The Professional Savage
1566.mp3,Nickles And Dimes,T Bird
1567.mp3,Over,K. Sparks
1568.mp3,Bicycle,The Hate Noise
1569.mp3,Water Lily,Moa Pillar
1570.mp3,Disclosure,Tab & Anitek
1571.mp3,Science Fiction,Double Helix (Morphamish & Texture)
1572.mp3,Top Of The World,Kris Anderson - Studio 11
1573.mp3,Le Mort Du Petit Prince,Bram Nelson
1574.mp3,City Harmony,Bram Nelson
1575.mp3,Mirage,Tab & Anitek
1576.mp3,Humphrey,C. Scott
1577.mp3,Drifter,Tab & Anitek
1578.mp3,Crazy,Blank & Kytt
1579.mp3,Qui,Alaclair Ensemble
1580.mp3,Floating,John Ming
1581.mp3,Now Get Busy,Beastie Boys
1582.mp3,I Rise,Syndrôm & Kendall WA
1583.mp3,Something Old,Broke For Free
1584.mp3,Intro,Questionmark Embargo
1585.mp3,You to Me,Steve Anderson
1586.mp3,Elephants,Food For Animals
1587.mp3,Vote,Save Slaves
1588.mp3,Power Of The Mind,Slugabed
1589.mp3,My dub is taiwan (remix KouChouChing),Volfoniq
1590.mp3,You're a Customer,EPMD
1591.mp3,NEW 9.0,She Has A Cold
1592.mp3,Ready Remix,ILLUS and DJ Johnny Juice
1593.mp3,Los Angeles,No Color
1594.mp3,Cinema,Tha Silent Partner
1595.mp3,I Are,The Years
1596.mp3,Paradise,Invisible Inc
1597.mp3,Dream,Fanatic
1598.mp3,Asylum (Permanent Underclass),Dälek
1599.mp3,Tarnished,Dälek
1600.mp3,Crazy,Blank & Kytt
1601.mp3,Eastern View,Audiotoolz
1602.mp3,Peregum,Axial
1603.mp3,Filha da Palavra,Axial
1604.mp3,Tamanquero,Axial
1605.mp3,Papaloko,Axial
1606.mp3,Allhou,Salam
1607.mp3,Bitter Heart,Zee Avi
1608.mp3,Poetic Pitbull Revolutions,Diablo Swing Orchestra
1609.mp3,Balrog Boogie,Diablo Swing Orchestra
1610.mp3,Iemanja,Axial
1611.mp3,Gunpowder Chant,Diablo Swing Orchestra
1612.mp3,D'angelo,Diablo Swing Orchestra
1613.mp3,Rag Doll Physics,Diablo Swing Orchestra
1614.mp3,Oslodum,Gilberto Gil
1615.mp3,Adelaide,Mombojo
1616.mp3,Faaca,Mombojo
1617.mp3,Advanced Japanese Folk,Audiotoolz
1618.mp3,Nem Parece,Mombojo
1619.mp3,O Ceu,Mombojo
1620.mp3,Bahar Patlatan,Hayvanlar Alemi
1621.mp3,death and a drunken monkey,The Freak Fandango Orchestra
1622.mp3,death and a drunken monkey,The Freak Fandango Orchestra
1623.mp3,My Way,Beatstar
1624.mp3,Hungarian Fightclub,Wrekkerz vs Audiotoolz
1625.mp3,Bubuia,Ceu
1626.mp3,Aboriginal Soundsystem (Triad remix),Freestep
1627.mp3,Demonio,Oso El Roto
1628.mp3,Mariposas,Yva Las Vegass
1629.mp3,death and a drunken monkey,The Freak Fandango Orchestra
1630.mp3,Guarana Superpower,Hayvanlar Alemi
1631.mp3,L'Anchoïade,Bo Marley + Disrupt + Volfoniq
1632.mp3,Soleil nocturne,Au fond du car
1633.mp3,Bamako,Vialka
1634.mp3,Felix Is My Friend,Pattern Industries
1635.mp3,Amar en el campo,Teleradio Donoso
1636.mp3,A little khoomei Song,Arjopa
1637.mp3,Pictures of Trees,Inlets
1638.mp3,La Tapenade,Bo Marley + Disrupt + Volfoniq
1639.mp3,La Brandade,Bo Marley + Disrupt + Volfoniq
1640.mp3,Jelena,Paniks
1641.mp3,Mortal,Trabajo
1642.mp3,Udan Mas,Trabajo
1643.mp3,El norte,El bien
1644.mp3,Prefab City Dub (Edit),The Prefab Messiahs
1645.mp3,Sensi Addict,Mikey Murka
1646.mp3,Dó,Azevedo Silva
1647.mp3,Hitmans Lovesong feat. Paola Graziano,The Freak Fandango Orchestra
1648.mp3,LLAVES,Selva de Mar
1649.mp3,MEGA Lambada,Hayvanlar Alemi
1650.mp3,Swinging London 1966,Lucas Perný a Miloslav Kollár
1651.mp3,Village Mentality,Vialka
1652.mp3,Late as Usual,The Freak Fandango Orchestra
1653.mp3,No Porno Please,Superbus
1654.mp3,Advanced Japanese folk (Djet remix),Audiotoolz
1655.mp3,Drifting,Midival Punditz
1656.mp3,Tara,Salam
1657.mp3,Güve Diskosu,Hayvanlar Alemi
1658.mp3,Mina,Sound: The Encounter
1659.mp3,The Myth,Trabajo
1660.mp3,Persistance,Caballo & the Mothafu Kings
1661.mp3,Boubek,Ben Et Béné
1662.mp3,Husľový kľúč,Lucas Perný a Miloslav Kollár
1663.mp3,Sunfed Shapes,Inlets
1664.mp3,Drogue,Salam
1665.mp3,Astral Gate,Lucas Perný a Miloslav Kollár
1666.mp3,Porto Largo,Alexandre Bateiras
1667.mp3,Devojka,Paniks
1668.mp3,Sida,Sida
1669.mp3,Jah Love,The Anchoras
1670.mp3,Stop That Mission,Mastermind XS
1671.mp3,You Are an Effigy,Inlets
1672.mp3,Roots on Sidewalks,Inlets
1673.mp3,The Man Who Sold His Beard,A Hawk and a Hacksaw
1674.mp3,Lelê,Chico Correa and Electronic Band
1675.mp3,Thessaloniki,Vialka
1676.mp3,Memories Of A Machine,Mastermind XS
1677.mp3,Sunny Day,Mastermind XS
1678.mp3,Tiger Phone Card,Dengue Fever
1679.mp3,The Hole,Alec K Redfearn & the Seizures
1680.mp3,Las Miradas de Magaly,Los Amparito
1681.mp3,Sarira Bride,Damscray
1682.mp3,Mavi Sepet,Hayvanlar Alemi
1683.mp3,Canção da Ribeira,Alexandre Bateiras
1684.mp3,Canção de Alvito,Alexandre Bateiras
1685.mp3,Not Free But Not Afraid,Mastermind XS
1686.mp3,Los papeles,Oso El Roto
1687.mp3,International Calling,Normaa
1688.mp3,Dancing Tiger,Damscray
1689.mp3,Pxlcoucou,Xerak
1690.mp3,Crossroad Metamorphosis,Hayvanlar Alemi
1691.mp3,Rugas,Azevedo Silva
1692.mp3,Abutres,Azevedo Silva
1693.mp3,Era Uma Vez,Azevedo Silva
1694.mp3,Only The Wrong Survive,Vialka
1695.mp3,Village Mentality Part Two,Vialka
1696.mp3,Naves que dan vueltas a un balon,Prin' La Lá
1697.mp3,See Her,Inlets
1698.mp3,come here,Ofir Klemperer
1699.mp3,Rural Metric Seven,Damscray
1700.mp3,Your Rainbow Colour Changer,Damscray
1701.mp3,JAM,Assif Tsahar
1702.mp3,JAM,Assif Tsahar
1703.mp3,“The Oppo­site of Paul Desmond”),The Chris Kelsey 4
1704.mp3,Soak up the Sun,Jason Ajemian & The Highlife
1705.mp3,Monsters,Jason Ajemian & The Highlife
1706.mp3,Voodoo,Voodoo Suite
1707.mp3,The Crow,Sandro Marinoni & Stefano Roncarolo
1708.mp3,The News,The Watery Graves of Portland
1709.mp3,_F,Seth Paynter and Kevin Patton
1710.mp3,And On,Bob James Trio
1711.mp3,Echo,Somewhere Off Jazz Street
1712.mp3,Air,Sandro Marinoni & Stefano Roncarolo
1713.mp3,The Silence,Glows in the Dark
1714.mp3,Smile For Me,Adam & Alma
1715.mp3,We think we know it all,krackatoa
1716.mp3,Shark on the Lot,krackatoa
1717.mp3,Xangô,Terrero De Jesus
1718.mp3,The Snow That Never Falls Down,Nheap
1719.mp3,Crossings,Nheap
1720.mp3,Welcome To The Party,Har-You Percussion Group
1721.mp3,Sands,Nheap
1722.mp3,Evening,Martin Lowack
1723.mp3,Daily Improvisation,Nheap
1724.mp3,#3,Learning Music
1725.mp3,Caravan,Jazz at Mladost Club
1726.mp3,Dawn,Somewhere Off Jazz Street
1727.mp3,deals,Assif Tsahar
1728.mp3,Teleopsis belzebuth,Zloty Dawai
1729.mp3,Rides,Nheap
1730.mp3,Nebulous Notions,Revolution Void
1731.mp3,Mirage,Stefano Roncarolo & Sandro Marinoni
1732.mp3,Paradise,Bliss Blood & Al Street
1733.mp3,Vogelperspektive,Trio Metrik
1734.mp3,Factum par Fictio,Revolution Void
1735.mp3,Sleepy,Mentz
1736.mp3,Tumble,Mentz
1737.mp3,Hydrofugarious spasm,Zloty Dawai
1738.mp3,Adsurb Peotry,Zloty Dawai
1739.mp3,Squid in the mouth,Zloty Dawai
1740.mp3,I,Neuroleptic Trio
1741.mp3,Point of no return,Stefano Roncarolo & Sandro Marinoni
1742.mp3,Intro,Quantum Jazz
1743.mp3,Blue Drag,The Swing Ninjas
1744.mp3,First Loser,The New Mellow Edwards
1745.mp3,The Misfit Song,ProleteR
1746.mp3,Ogum,Terrero De Jesus
1747.mp3,Lhasa,Stefano Roncarolo & Sandro Marinoni
1748.mp3,Fearless little John,Bacco Baccanels
1749.mp3,Empingue,Gepel
1750.mp3,Accelerated Lifestyle,Revolution Void
1751.mp3,Improv,Steve MacKay and the Blue Prostitutes
1752.mp3,City Lights at Night,Revolution Void
1753.mp3,I,Miro
1754.mp3,Fly,Somewhere Off Jazz Street
1755.mp3,Weekend Amnesia,Revolution Void
1756.mp3,Sad Song,Sandro Marinoni & Stefano Roncarolo with Roberto Padovan
1757.mp3,Bäume in freier Wildbahn,Trio Metrik
1758.mp3,Copacabana Palace Hotel,Calypso
1759.mp3,Oxum,Terrero De Jesus
1760.mp3,Shackles,Mentz
1761.mp3,Big Leg Woman,Scott Kettner's Brazilian Brass Band
1762.mp3,Trying Jazz,Pablie
1763.mp3,Night Song,Mike Link &amp; Harvey Taylor
1764.mp3,Duende,Jaap Blonk & Splinks
1765.mp3,Karussell,Taiga Blues
1766.mp3,Meditation,Stefano Roncarolo & Sandro Marinoni
1767.mp3,Merope,Kreng
1768.mp3,Ghost,Somewhere Off Jazz Street
1769.mp3,All the things,M.A.G. Trio
1770.mp3,Come Sunday,Assif Tsahar & Tatsuya Nakatani
1771.mp3,Steve Reich,Plaistow
1772.mp3,Attimi,Oprachina
1773.mp3,Aki's Apple,Plaistow
1774.mp3,Mi fa,Bacco Baccanels
1775.mp3,Mother Matrix Most Mysterious,Jonah Dempcy
1776.mp3,Upsurge,Jonah Dempcy
1777.mp3,Myriad Ways,Jonah Dempcy
1778.mp3,Lumen Arcanum,Jonah Dempcy
1779.mp3,Azurescent,Jonah Dempcy
1780.mp3,Song for Lisa,Stefano Roncarolo & Sandro Marinoni
1781.mp3,Composing after playing part 3,Gitarrenarmee
1782.mp3,Edentrip,Interkosmos
1783.mp3,Dusk,Somewhere Off Jazz Street
1784.mp3,Spain,M.A.G. Trio
1785.mp3,Reisefenster,Trio Metrik
1786.mp3,Through Fields,Schizoïd Bass
1787.mp3,Ta vieja y ya no sale,Gepel
1788.mp3,Set the Fire,Jooklo Duo with C. Spencer Yeh
1789.mp3,Ventus Solaris,Revolution Void
1790.mp3,2,julia a. miller
1791.mp3,Porta D'Arce,Oprachina
1792.mp3,Jingle Jazz,Quantum Jazz
1793.mp3,Drop of whisper (2005),Antony Raijekov
1794.mp3,Deep blue (2005),Antony Raijekov
1795.mp3,Sequel Ex,Tim Berne
1796.mp3,Sofawende,Necronomikon Quartett
1797.mp3,The High Priestess,Goat
1798.mp3,The Universe & Everything,Pavel Tukki
1799.mp3,EXIT 65 (2005),Antony Raijekov
1800.mp3,Hymne,Jaap Blonk & Splinks
1801.mp3,Sunday,Fire To The Stars
1802.mp3,Graves,The Color and Sound
1803.mp3,Everything,The Spectacular Fantastic
1804.mp3,California,The Spectacular Fantastic
1805.mp3,In the mood,The Spectacular Fantastic
1806.mp3,Out of time,The Spectacular Fantastic
1807.mp3,This old heart,The Spectacular Fantastic
1808.mp3,Emma,The Attraction
1809.mp3,Dog,Zola Jesus
1810.mp3,Don't Give Up,The Fresh & Onlys
1811.mp3,Low,Silence Is Sexy
1812.mp3,Talk,Silence Is Sexy
1813.mp3,Sex Club,The Womb
1814.mp3,Going to Hell,Huge Face
1815.mp3,Hey Hey Hey Hey Hey,The Womb
1816.mp3,In,Podington Bear
1817.mp3,No Life,No Monster Club
1818.mp3,Goodbye,The Scallions
1819.mp3,2,The Scallions
1820.mp3,Gladys,The Scallions
1821.mp3,Falling,I Am Not Lefthanded
1822.mp3,Ennio,Silence Is Sexy
1823.mp3,Hey Joe,The Dick Burrills
1824.mp3,Torre,The Womb
1825.mp3,U,The Womb
1826.mp3,The Crawl,The Womb
1827.mp3,Just Friends,Rackets Vs. VED
1828.mp3,Natalie,The Sand Pebbles
1829.mp3,NATCH 2,Dave Shuford
1830.mp3,To You,Black Math
1831.mp3,Fly,The Kyoto Connection
1832.mp3,Heaven,Mother Of Pearl
1833.mp3,Over and Over,Eros and the Eschaton
1834.mp3,Spaceman,The Moot
1835.mp3,Infinity,The Keith Walsh Experience
1836.mp3,Lotion,Greenskeepers
1837.mp3,Sunshine,The Hathaway Family Plot
1838.mp3,Homecoming,The Lost Patrol
1839.mp3,Play With Fire,The Lost Patrol
1840.mp3,Naked,Adam & Alma
1841.mp3,Things,Adam & Alma
1842.mp3,The frog,The New Drum
1843.mp3,Electricity,The New Drum
1844.mp3,Apartment,The Baskervilles
1845.mp3,Feel It,The Pop Winds
1846.mp3,Flowers,Silence is full of birds
1847.mp3,Drown,Charles Ray Experience
1848.mp3,Lost At Sea,The Lost Patrol
1849.mp3,A Little More Time,The Baskervilles
1850.mp3,Lately (Deuxième),Memoryhouse
1851.mp3,Cockatoos,The Universal Thump
1852.mp3,Maybe,Friends or Whatever
1853.mp3,Jungle,The Suzan
1854.mp3,Fools,The Pop Winds
1855.mp3,Hello,The Laureates
1856.mp3,The Crystal Cat,Dan Deacon
1857.mp3,Little Sister,The Pop Winds
1858.mp3,The Sun,The Pop Winds
1859.mp3,Want Me,Ariel Pink's Haunted Graffiti
1860.mp3,Over Me,The Gasoline Brothers
1861.mp3,Groove Is In The Heart,Ergo Phizmiz and the Midnight Florists
1862.mp3,All you've never felt,Fresh Body Shop
1863.mp3,Have It,The Rabbits
1864.mp3,Live For Today,The Rabbits
1865.mp3,Come,The Suzan
1866.mp3,Mirage,The Cannanes
1867.mp3,Guilty,The Cannanes
1868.mp3,With You,Monk Turner
1869.mp3,True Love Will Find You In The End,Daniel Johnston
1870.mp3,Take on me,The Kyoto Connection
1871.mp3,Take On Me,The Kyoto Connection
1872.mp3,I Know,Jay Tholen
1873.mp3,To the Lighthouse,Memoryhouse
1874.mp3,Dance With Me,The Electric Nature
1875.mp3,Tower,The Rabbits
1876.mp3,Devils,The Suzan
1877.mp3,Black Remix,Talkshow Boy
1878.mp3,Home,The Suzan
1879.mp3,Overload,The Kolour Kult
1880.mp3,Silence,Plastic Flowers
1881.mp3,In Harmony,The Pop Winds
1882.mp3,Hi,The Paparazzi
1883.mp3,LA,Podington Bear
1884.mp3,Terminally Chill,Neon Indian
1885.mp3,Stay Down,Fire To The Stars
1886.mp3,Final Frame,The Scallions
1887.mp3,Us,Silence Is Sexy
1888.mp3,Flutter,Molloy And His Bike
1889.mp3,Sympathy,Silence Is Sexy
1890.mp3,Satellite,The Golden Hours
1891.mp3,Camp,Podington Bear
1892.mp3,One,Void Vision
1893.mp3,I Want to Rock,Logan Whitehurst and The Jr. Science Club
1894.mp3,It's Only Love,Sally Crewe And the Sudden Moves
1895.mp3,Ambulance,Wheels on Fire
1896.mp3,Bon,Adam & Alma
1897.mp3,Shoot Me Down,The Sea Life
1898.mp3,My O My,The Paparazzi
1899.mp3,Bees Are Trying To Build Their Nest In You.,Half-handed Cloud
1900.mp3,Don't Be Lonely,The Toothaches
1901.mp3,Girl,The Zombiecops
1902.mp3,dead.,Violins is not the answer
1903.mp3,dead.,Violins is not the answer
1904.mp3,Way Out,Pk jazz Collective & Alex Fry
1905.mp3,sick,Violins is not the answer
1906.mp3,in the end,Violins is not the answer
1907.mp3,Live And Die,Inside the Mind
1908.mp3,Lost,Fred and Toody
1909.mp3,Feelings,Inside the Mind
1910.mp3,To You,Inside the Mind
1911.mp3,You/Trip,Inside the Mind
1912.mp3,A Life,The Planes
1913.mp3,Paranoia,The Bomb Busters
1914.mp3,anthem,the silence industry
1915.mp3,Nervous Breakdown,The Monitors
1916.mp3,The Station,The Monitors
1917.mp3,Let It Rain,Fred and Toody
1918.mp3,On,Spirit Duplicator
1919.mp3,A Bomb,The Dead Mantra
1920.mp3,Rock N Roll,Black Bones
1921.mp3,Let Down,No Class
1922.mp3,#3,A Banda de Joseph Tourton
1923.mp3,Love On The Run,Young Love
1924.mp3,Street,Young Love
1925.mp3,Lights,You Me Tree
1926.mp3,Shake Some Action,Flamin' Groovies
1927.mp3,This Is Love,The Party Faithful
1928.mp3,Affection,The Gotobeds
1929.mp3,Burn,Room For A Ghost
1930.mp3,Flower Girl,The Beets
1931.mp3,The Devil,The Beets
1932.mp3,Cold,Six Star General
1933.mp3,Lazarus,The Men
1934.mp3,satellite,Riding Alone For Thousands Of Miles
1935.mp3,love song,Riding Alone For Thousands Of Miles
1936.mp3,lullaby,Riding Alone For Thousands Of Miles
1937.mp3,2,The Valleys
1938.mp3,Vacation,The Whines
1939.mp3,It's Raining,The Whines
1940.mp3,Sun,The Dalai Lama Rama Fa Fa Fa
1941.mp3,Home,The Koolaid Electric Company
1942.mp3,Today,Dan Alfresco & Savage
1943.mp3,The Answer,Toy Sugar
1944.mp3,I Need Love,Waylon Thornton and the Heavy Hands
1945.mp3,Again,The Classic Cluster
1946.mp3,Open Eyes,The Asound
1947.mp3,Snow White,The Asound
1948.mp3,Joan,The Asound
1949.mp3,II,Angels in America
1950.mp3,I,Angels in America
1951.mp3,Nicole,Baby Scream
1952.mp3,State Of Mind,The Light Beyond
1953.mp3,It's You,Another Day On Earth
1954.mp3,Last Dance,The Raveonettes
1955.mp3,Hammer,The Woolen Men
1956.mp3,Boomerang,The Woolen Men
1957.mp3,Dogs,The Woolen Men
1958.mp3,Call,His Electro Blue Voice
1959.mp3,In the City,Nothing People
1960.mp3,Lady,Fast lady
1961.mp3,I Do What I Do,The Yolks
1962.mp3,Babies,The Set of Red Things
1963.mp3,Between,The Set of Red Things
1964.mp3,Another Planet,The Functional Blackouts
1965.mp3,Track 12,The Wire Orchestra
1966.mp3,Evolution,The Wire Orchestra
1967.mp3,Black Hole,Mike Rep and the Quotas
1968.mp3,Dracula Mountain,Lightning Bolt
1969.mp3,Vietnam,Here Comes A Big Black Cloud!!
1970.mp3,Alanis Morissette,Delusions of Grandeur
1971.mp3,I,Animals & Men
1972.mp3,Let's Go Down,Family Of The Year
1973.mp3,Lost at Sea,The Snails
1974.mp3,Lips #2,The Pink Noise
1975.mp3,Glam,The Pink Noise
1976.mp3,Toad,The Pink Noise
1977.mp3,Horse,Pigeons & Crazy Porridgemakers
1978.mp3,Teenage Kicks,The Unfinished Sympathy
1979.mp3,The River,Confusion Is Next
1980.mp3,Fake French,Le Tigre
1981.mp3,Not Right,The Ridiculous Trio
1982.mp3,The Four of Us are Dying,Nine Inch Nails
1983.mp3,Corona Radiata,Nine Inch Nails
1984.mp3,Lights in the Sky,Nine Inch Nails
1985.mp3,Head Down,Nine Inch Nails
1986.mp3,Echoplex,Nine Inch Nails
1987.mp3,Ghost,The Blood Lemons
1988.mp3,One More Reason,Fresh Body Shop
1989.mp3,My Friends,The Franks
1990.mp3,The Hollow,The Seventh Necronation
1991.mp3,Plastic Plastic,The Home Phonema
1992.mp3,Conspiracy,Louis Lingg and The Bombs
1993.mp3,InstruMental,The Metamatics
1994.mp3,You Want It All,Bombay Laughing Club
1995.mp3,The Tower,The Pink Noise
1996.mp3,BEAT 'EM,The Matt Kurz One
1997.mp3,For Kate I Wait,Ariel Pink's Haunted Graffiti
1998.mp3,My Artificial Sun,Fresh Body Shop
1999.mp3,New Dress,The Gotobeds
2000.mp3,Never End Up Like This,Fresh Body Shop
2001.mp3,Old Tree,Creepoid
2002.mp3,Spring Day 1,Amar Lal
2003.mp3,Excessive Resistance to Change,Joel Helander
2004.mp3,Flying,Aimee Norwich
2005.mp3,Waterduct,Ava Luna
2006.mp3,Air Traffic,Clara Berry and Wooldog
2007.mp3,Heavy Love,Dreamers of the Ghetto
2009.mp3,Definition,Joel Helander
2010.mp3,Yatora,Karim Douaidy
2011.mp3,Toynbee Suite,Lushlife
2012.mp3,Impressions of Saturn,Matthew Entwistle
2013.mp3,The Arch,Matthew Entwistle
2014.mp3,You Listen,Meaxic
2015.mp3,Bester Jungling,NYU
2016.mp3,Chinese Jiang Nan,Music Delta
2017.mp3,Funk Jazz,Music Delta
2018.mp3,Modal Jazz,Music Delta
2019.mp3,The Broken Pledge - Chicago Reel,Phoenix
2020.mp3,The Collier's Daughter,Phoenix
2021.mp3,Stay Even,Port St Willow
2022.mp3,Mignon (Kennst du das Land) Op.92a Mvt.1,NYU
2023.mp3,Spacestation,Strand of Oaks
2024.mp3,Captain Sky,Tabla Breakbeat Science
2025.mp3,Rock Steady,Tabla Breakbeat Science
2026.mp3,Scorpio,Tabla Breakbeat Science
2027.mp3,Vermont,The Districts
2028.mp3,Les Fleurs Du Mal,The Scarlet Brand
2030.mp3,990,In Faded Glory
2031.mp3,Go,No
2032.mp3,Song For Jade,Kryptic Mood
2033.mp3,Uranium,Hunt Club
2034.mp3,Hey! beauty,Jacques COUTURIER
2035.mp3,Mit dem Unibalett im Ulmer Monster tanzen,Die Partysahnen
2036.mp3,Feel-ipson,Feel-ipson
2037.mp3,Dreamworld,engeo
2038.mp3,rouge et blues,Fabrice Collette
2039.mp3,Le Blues du Fantome,FOOL DADAZ FIRE
2040.mp3,FUCK THE WAR,Ralph Buckley
2041.mp3,Little White Church,Steven Dunston
2042.mp3,Classical Delay,Ogg Vorbis
2043.mp3,Summer,Matti Paalanen
2044.mp3,Habanera,Manuzik
2045.mp3,Jazzy Mode,Behrang Shegarfkar
2046.mp3,O Pindo,PELdeNOZ
2047.mp3,La note en cage,AdHoc
2048.mp3,Travelling in balochistan - late night highway,Maneros productions
2049.mp3,Lonely Fool,Steve.e!
2050.mp3,Homecoming,BeatRaider
2051.mp3,a fleur de peau,elbrujo
2052.mp3,Les 3 singes,Juice lee
2053.mp3,Neon,ADC LEVEL
2054.mp3,Interlude,Tom La Meche
2055.mp3,Vide grenier,Goo Goo Cluster
2056.mp3,happy child singing,Ruediger Kramer
2057.mp3,Au Feu,La Verue
2058.mp3,Au Feu,La Verue
